company,website,contact_name,contact_title,email,fit_note,exclude_reason
Bakeful,https://bakeful.com,,,,"STRONG FIT: mini muffins and mini donuts at Target, Walmart, HEB, Safeway, Ralphs, ShopRite (bakeful.com). Verified 2026-09-28.",
Brune Kitchen,https://brunekitchen.com,,,hello@brunekitchen.com,"STRONG FIT: soft-baked organic gluten-free vegan cookies at Sprouts and Erewhon; founders Tania and Jahan; public email hello@brunekitchen.com (brunekitchen.com/pages/about-us).",
PawCo,https://www.mypawco.com,Mahsa Vazin,Founder (former Impossible Foods lead food scientist),,"STRONG FIT: Magic Cookie crunchy dog biscuits in five variations, launched 2025 (prnewswire 302535907); also fresh meals.",
Champ's Pet Kitchen,https://champspetkitchen.com,,,,"GOOD FIT: soft-chew lean-protein treats made in an FDA-registered facility (likely outsourced); 1,200+ grocery doors.",
Meli's Monster Cookies,https://melismonstercookies.com,,,,"GOOD FIT: pre-baked gluten-free cookies plus dry mixes, Austin TX (melismonstercookies.com).",
Junkless,https://junklessfoods.com,,,,"MODERATE FIT: chewy granola and protein bars, Jericho NY; LeadIQ lists it as a manufacturing company so confirm whether it self-manufactures.",
MOSH,https://moshlife.com,,,,"MODERATE FIT: protein bars (not baked); rebranded 2026; confirm whether the facility runs bars.",
Woof (Pupsicle),https://mywoof.com,,,,"MODERATE FIT: sells treat refills for the Pupsicle toy (mywoof.com), Denver CO; the refill is the product to pitch.",
Whoa Dough,https://www.whoadough.com,Todd Goldstein,Founder,,"MODERATE FIT: gluten-free plant-based cookie dough bars, Cleveland OH; may be cold-chain (sold via DeliveredCold), confirm before pitching.",
Day Out Snacks,https://getdayout.com,,,,"MODERATE FIT: no-bake plant-based protein balls, Montville NJ, national Target launch; not a baked product but a bakery line could run it, confirm.",
Kismet,,,,,"MODERATE FIT: extruded kibble and toppers (PetSmart, Chewy); only relevant if the facility runs extrusion.",
Firehook,https://firehook.com,,,,"WEAK FIT: bakes crackers in its own facility in Chantilly VA (firehook.com/pages/faq); overflow-capacity pitch only.",
Killer Brownie,https://killerbrownie.com,,,,"WEAK FIT: owned by Dorothy Lane Market with its own bakery; overflow or second-source pitch only.",
My Better Batch,https://mybetterbatch.com,Lindsay Hancock,Founder,,"WEAK FIT: product is a dry cookie mix, not a baked cookie; only relevant if the facility does dry blending and packaging.",
REAL Cookies,https://www.realcookiesco.com,,,,"WEAK FIT: merged with Creations Foods in Jan 2026 into a vertically integrated platform (preparedfoods.com 131314); likely has its own manufacturing.",
Butcher's Naturals,https://butchersnaturals.com,,,,"WEAK FIT: meat treats sourced from manufacturers in Germany (butchersnaturals.com); not a baked product.",
Pet Honesty,https://www.pethonesty.com,,,,"WEAK FIT: supplement soft chews made in an SQF facility; not a baked treat.",
Wuffes,https://wuffes.com,,,,"WEAK FIT: dog supplements, not treats.",
Rare Breed,https://rarebreedpet.com,,,,"WEAK FIT: hardwood-smoked meat treats, not baked; 2,530 Walmart stores so still a capacity story if the facility smokes or dehydrates meat.",
Badlands Ranch,https://badlandsranch.com,,,,"WEAK FIT: air-dried food and freeze-dried treats (Katherine Heigl brand); not baked.",
Fussie Cat (Pets Global),https://www.fussiecat.com,,,contact@pets-global.com,"WEAK FIT: wet and dry cat food, Valencia CA; only relevant for extruded cat kibble.",
Finfare,https://finfarepetfoods.com,,,,"WEAK FIT: freeze-dried seafood treats; not baked.",
Smalls,,,,,"WEAK FIT: fresh cat food; facility bakes.",
Unconditional (Citizens Pet),https://unconditionalpetfood.com,,,,,"owns its own factory (prnewswire 302847722)"
Kismet,https://kismetpets.com,,,,"GOOD FIT for treats: sells two treat flavors alongside kibble (kismetpets.com); PetSmart and Chewy national; pitch the treat line, not the kibble.",
Open Farm,https://openfarmpet.com,,,,"MODERATE FIT: large brand with treats in its portfolio; long cycle, likely has incumbent co-manufacturers; second-source pitch.",
American Pet Nutrition,http://www.americanpetnutrition.com,,,,"UNCERTAIN FIT: Ogden UT; confirm whether it is a brand or a manufacturer before contacting (not the same company as American Nutrition / Alphia).",
Bark Bistro,https://barkbistro.com,,,,"WEAK FIT: core product is peanut butter for dogs (Buddy Budder), not baked; also lists pancakes for dogs, so a baked line extension is possible.",
Let's Sprinkle by MG,https://letssprinklebymg.com,Melissa Gorga,Founder,,"GOOD FIT: Italian sprinkle butter cookies and coffee cake in New Jersey ShopRites, celebrity-founded brand (letssprinklebymg.com).",
NoBaked Cookie Dough,https://nobakedcookiedough.com,,,,"WEAK FIT: refrigerated edible cookie dough, Nashville; facility bakes.",
Rogue,https://roguesnacks.com,,,,"WEAK FIT: extruded protein chips and puffs (roguesnacks.com), not baked goods; 2,800 Walmart stores.",
Chewy,https://www.chewy.com,,,,"LARGE PRIVATE LABEL: Chewy Made consolidates American Journey, Tiny Tiger, True Acre, Bones & Chews (petfoodindustry 15825690); long cycle, supplier-onboarding path.",
Consumers Supply Distributing LLC,https://www.consumers-supply.com,,,,"GOOD FIT: Sioux City IA distributor whose Country Vet and Heartland Harvest dog biscuits were recalled for Salmonella (fda.gov); it buys biscuits from a manufacturer and may need a new supplier.",
Gregory's Foods,https://gregorysfoods.com,,,,,"is itself a wholesale bakery manufacturer (gregorysfoods.com)"
"The Brownie Baker, Inc.",https://browniebaker.com,,,,,"is itself a wholesale bakery manufacturer (browniebaker.com)"
Imperial Nougat Co.,,,,,,"candy manufacturer with its own plant; no website found"
