organization,website,type,contact_name,contact_title,city,state,why_they_see_brands,notes
ePac Flexible Packaging,https://epacflexibles.com,packaging,Virag Patel,CEO,San Diego,CA,"Digital-print pouch maker built to serve small and medium brands with short runs, so it talks to launching food and pet brands daily.","Snippet: founded 2016 by Jack Knott, Carl Joachim, Virag Patel to help small brands go to market; short-to-medium runs; San Diego-based. Source: https://epacflexibles.com/en-gb/about-us/ ; https://www.packagingdive.com/news/epac-flexible-packaging-virag-patel-digital-printing-10-years/829190/"
Belmark,https://www.belmark.com,packaging,,,,,Sells digitally printed stand-up pouches to brands that need short runs and quick turnaround.,Ranked in search for short-run digital stand-up pouches for emerging food brands. Source: https://www.belmark.com/packaging/digitally-printed-pouches/
Red Dot Packaging,https://reddotpackaging.com,packaging,,,,,"Publishes a guide to custom printed stand-up pouches for boutique food brands, so it fields inquiries from small food makers.",Source: https://reddotpackaging.com/blog/custom-printed-stand-up-pouches
The Pouch House,https://www.thepouchhouse.com,packaging,,,,,Offers low-minimum custom printed stand-up pouches aimed at small brands.,Source: https://www.thepouchhouse.com/custom-printed-stand-up-pouches
Weber Packaging Solutions,https://weberpackaging.com,labels_design,,,,,Digital short-run label printer that serves brands with small order quantities.,Page titled Digital Labels - Short Run Labels. Source: https://weberpackaging.com/digital-labels.html
TLF Graphics,https://www.tlfgraphicsusa.com,labels_design,,,,,Label printer with a food and beverage label practice advising brands on common labeling mistakes.,Source: https://www.tlfgraphicsusa.com/food-beverage-label-printing/
The Label Shoppe,https://www.thelabelshoppe.com,labels_design,,,,,Prints USDA/FDA-compliant food and beverage labels for small brands.,Source: https://www.thelabelshoppe.com/industry/food-beverage
Freshmade,https://freshmadebrands.com,labels_design,,,,,"Design agency focused on CPG food brands, so it meets brands at the packaging stage before production.",Snippet: CPG branding and package design for modern food brands. Source: https://freshmadebrands.com/cpg-brand-package-design/
SmashBrand,https://www.smashbrand.com,labels_design,,,,,Packaging design agency partnering with growth-minded CPG brands from product idea through package design.,Source: https://www.smashbrand.com/
Atlas Branding,https://www.atlasbranding.com,labels_design,,,,,CPG packaging and branding agency for food and craft beverage brands.,Source: https://www.atlasbranding.com/cpg-craft-beverage-food-packaging/
FoodReady,https://foodready.ai,food_safety,,,,,"Food safety consultancy that prepares manufacturers for SQF, GFSI and retail audits, so it meets brands that must be retail-ready and often need a certified plant.",Snippet: HACCP and audit-readiness for SQF/BRCGS/FSSC; SQF consultant page. Source: https://foodready.ai/food-safety-services/sqf-consultant/
EAS Consulting Group,https://easconsultinggroup.com,food_safety,,,,,Fields SQF-recognized consultants who help food processors through third-party certification audits.,Source: https://easconsultinggroup.com/services/foods/food-safety-fsma/
Sirocco Food Safety Consultants,https://www.siroccoconsulting.com,food_safety,,,,,Guides small and medium food businesses through SQF and HACCP certification.,Snippet: guiding small/medium businesses since 2014. Source: https://www.siroccoconsulting.com/
Cultivate CPG,https://cultivatecpg.com,broker,Tom Williams; Aaron Barnholt,Co-founders,,,"Broker and sales agency for emerging brands at Whole Foods, Sprouts, Kroger and H-E-B, so it sees brands about to scale and outgrow their production.",Snippet: co-founded by Tom Williams and Aaron Barnholt; 2025 focus on Sprouts. HQ not stated in results. Sources: https://cultivatecpg.com/ ; https://www.nosh.com/pr/2025/04/21/cultivate-doubles-down-on-talent-to-focus-on-sprouts-farmers-market
PRESENCE (pmidpi),https://www.pmidpi.com,broker,,,,,Organic and natural food broker with regional sales managers aimed at Sprouts and Whole Foods.,Source: https://www.pmidpi.com/broker-services/
Natural Brokerage & Local Demo Service,https://naturalbrokerage.com,broker,,,,,"Brokerage plus demos at grocery chains, including Sprouts Innovation Set Demos.",Source: https://naturalbrokerage.com/
Alliance Sales and Marketing,https://alliancesalesinc.com,broker,,,,,National food broker growing brands through retailer relationships.,Source: https://alliancesalesinc.com/ ; blog https://alliancesalesinc.com/blog/what-is-a-food-broker/
Epic Sales Partners,https://www.epicsales.com,broker,,,Irving,TX,"Large independent food sales agency for specialty, natural and organic with 350+ manufacturers, so it sees brands needing supply.","Snippet: HQ Irving, Texas; nine other sales offices; specialty/natural manufacturer page. Sources: https://www.epicsales.com/company ; https://www.epicsales.com/food-sales/specialty-natural-food-manufacturer"
Acosta (natural channel),https://www.acosta.com,broker,,,,,"Natural-channel sales team covering Whole Foods, Sprouts and Natural Grocers.",Source: https://www.acosta.com/channels/natural/
Independent Natural Foods Brokers,,broker,,,,,"Natural-industry brokerage and demo service representing brands to Whole Foods, Sprouts and Safeway.",Seen only in a PitchBook profile listing. Source: https://pitchbook.com/profiles/company/615889-36
GoodNow Pets,https://goodnowpets.com,pet_industry,,,,,Brokerage connecting natural pet brands with independent retailers and distributors via inside sales outreach.,"Snippet: offers outreach to 1000, 2000 or 4000 retailers yearly. Source: https://goodnowpets.com/"
PetFood Brokers,https://www.petfoodbrokers.com,pet_industry,,,,,"Sales-representation agents connecting pet brands with distributors, retailers and private label buyers.",Source: https://www.petfoodbrokers.com/
Right Way Reps,,pet_industry,,,,NY,Family-owned pet sales rep group representing several small pet food brands nationally.,Snippet: based in New York (city not given). Source: https://globalpetindustry.com/news/round-up-new-retail-distribution-partnerships-in-the-pet-industry/
Pet Food Experts,https://www.petfoodexperts.com,pet_industry,Michael Baker,Family principal (title not stated),,,"Distributor to 6,200+ independent pet retailers carrying 150+ specialty brands, so it sees new treat brands seeking capacity.",Snippet: Baker family; 39 states. Sources: https://www.petfoodexperts.com/ ; https://www.petage.com/pet-food-experts-adds-three-pet-nutrition-brands-to-distribution-portfolio/
Pet Sustainability Coalition,https://petsustainability.org,pet_industry,,,,,"Nonprofit of nearly 200 pet brands, suppliers and manufacturers, including treat makers.",Snippet: founded 2013. Source: https://petsustainability.org/about-us/
American Pet Products Association (APPA),https://americanpetproducts.org,pet_industry,,,,,Leading pet trade association with a manufacturer member program for pet product brands.,Source: https://americanpetproducts.org/news/the-pet-sustainability-coalition-and-the-american-pet-products-association-to-advance-pet-industry-sustainability-at-the-pet-summit ; prospectus https://americanpetproducts.org/hubfs/APPA-Manufacturer-Membership_FINAL%202026.pdf
Tyler Petfood Consultants,https://www.tylerpetfoodconsultants.com,consultant,,,,,"Guides pet food startups through formulation, testing and launch, a stage where co-packer choice arises.",Source: https://www.tylerpetfoodconsultants.com/
Mosaic Flavors,https://www.mosaicflavors.com,ingredients,,,,,Flavor maker serving mid-market bakery and snack manufacturers with fast samples.,Source: https://www.mosaicflavors.com/
Pecan Deluxe,https://pecandeluxe.com,ingredients,,,,,Supplies bulk cookie dough and custom extruded inclusions to cookie and bakery makers.,Source: https://pecandeluxe.com/product-range/cookie-dough-extruded-inclusions/
Baker's Authority,https://www.bakersauthority.com,ingredients,,,,,Wholesale baking ingredient supplier for bakeries.,Source: https://www.bakersauthority.com/pages/ingredients
Startup CPG,https://startupcpg.com,accelerator_community,,,,,"Founded 2018; nearly 40K founders and providers in a free Slack, events and podcast, so founders ask there for co-packers.",Source: https://startupcpg.com/about/ ; https://startupcpg.com/
Foodbevy,https://www.foodbevy.com,accelerator_community,Jordan Buckner,Founder,,,"Online community of 5,000+ CPG founders with a service-provider partner program.",Source: https://www.foodbevy.com/for-partners/ ; https://podcasts.apple.com/us/podcast/foodbevy-building-a-community-of-5-000-cpg-founders/id1799776302?i=1000774181653
Naturally Network,https://www.naturallynetwork.org,accelerator_community,,,,,"National nonprofit hub of 11 Naturally chapters (Seattle, NorCal, Wisconsin and others) with a pitch competition for emerging natural brands.",Source: https://www.newhope.com/brands/new-naturally-network-chapters-support-emerging-cpg-brands-across-the-country
Union Kitchen,https://www.unionkitchen.com,accelerator_community,Jonas Singer; Cullen Gilchrist,Founders,Washington,DC,Shared kitchen and accelerator that has worked with 650+ packaged food businesses that outgrow kitchen capacity.,Source: https://www.unionkitchen.com/ ; https://en.wikipedia.org/wiki/Union_Kitchen
SKU,,accelerator_community,,,Austin,TX,"Austin-based consumer product accelerator taking applications for a Spring 2026 cohort, including bakery brands.",Source: https://www.foodnavigator-asia.com/Article/2025/12/18/snack-accelerators-fuel-next-gen-brands-for-2026-growth/
Whole Foods Market Local and Emerging Accelerator Program (LEAP),https://www.wholefoodsmarket.com,accelerator_community,,,,,"Retailer program coaching local and emerging brands not yet on Whole Foods shelves. Program is run by a retailer, so a relationship rather than a referral-fee partner.",Source: https://www.wholefoodsmarket.com/company-info/newsroom/news-releases/2026-local-and-emerging-accelerator-program
Bravo CPG,https://www.bravocpg.com,consultant,Katie Horgan,Founder & Owner,,,"Fractional COO team managing production, 3PL and co-man relationships for food brands, so it picks co-packers for clients.",Snippet: Claudio LoCascio listed as Fractional COO and Strategic Advisor. Source: https://www.bravocpg.com/coo-support ; https://www.bravocpg.com/our-team
Frax Services,https://www.fraxservices.com,consultant,,,,,Fractional COO and operations support for early and growth-stage food and beverage CPG brands.,Source: https://www.fraxservices.com/
The Hatchery Chicago,,accelerator_community,,,Chicago,IL,"67,000 sq ft food incubator with 56 private kitchens and business planning for packaged food makers.",Source: https://www.thefoodcorridor.com/blog/top-chicago-shared-kitchens/
