company,website,category,segment,contact_name,contact_title,city,state,source,notes,in_national_retail,recent_funding,recent_retail_launch,hiring_ops_or_production,sells_wholesale,mentions_private_label
Target,https://corporate.target.com,pet_treat,retailer_private_label,Jasmine Vazquez,"Vice President, Food & Beverage Owned Brands",Minneapolis,MN,retail_private_label,"Programs: Good & Gather (2,500+ grocery items), Kindfull (dog/cat food & treats), Boots & Barkley, Favorite Day (bakery/sweets); $30B+ owned-brand portfolio. Alt contacts: John Conlin, SVP Merchandising Food & Beverage (owns owned-brand food portfolio and sourcing; PLMA 2026 keynote Nov 16) - https://storebrands.com/target-ahold-delhaize-executives-keynote-2026-plma-trade-show; Sarah McMullin, SVP Owned Brand Product Operations; Jenny Breeden, SVP Owned Brand Product Design & Packaging. Vazquez named 2026 Store Brands Game Changer - https://storebrands.com/2026-game-changers-jasmine-vazquez-target. 2026 news: Good & Gather packaging refresh plus high-protein snack expansion and Roy Choi 10-snack collab incl. cinnamon dulce cake pops - https://www.tastingtable.com/2087413/target-changes-coming-2026/ ; https://sporked.com/article/target-roy-choi-good-and-gather/. No 2025-26 Kindfull expansion news surfaced.",,,,,,true
Kroger,https://www.thekrogerco.com,bakery,retailer_private_label,Ann Reed,"Group Vice President, Our Brands",Cincinnati,OH,retail_private_label,"Programs: Kroger, Private Selection, Simple Truth, Smart Way, Abound (pet food/treats), Bakery Fresh Goodness. Reed named GVP Our Brands effective Aug 4 2025 - https://storebrands.com/kroger-names-new-our-brands-vice-president ; https://www.prnewswire.com/news-releases/kroger-announces-new-leaders-in-key-roles-302516239.html. 2026 news: Simple Truth adding high-protein cereal, beef sticks, protein bars (cookie dough etc.) - https://www.foodnavigator-usa.com/Article/2026/02/02/kroger-hy-vee-unfi-fuel-better-for-you-private-label-boom-in-2026/ ; Reed on 2026 snack/treat trends - https://progressivegrocer.com/kroger-unveils-6-top-2026-food-trend-predictions. Pet: Abound relaunch/expansion 2024 - https://storebrands.com/kroger-adds-new-flavors-abound-pet-food.",,,,,,true
Walmart,https://corporate.walmart.com,pet_treat,retailer_private_label,Scott Morris,"Senior Vice President, Private Brands, Food & Consumables, Walmart U.S.",Bentonville,AR,retail_private_label,"Programs: Great Value (redesign announced Apr 15 2026, Morris quoted - https://corporate.walmart.com/news/2026/04/15/walmart-unveils-modern-redesign-of-great-value-its-flagship-private-brand), bettergoods (300+ items incl. snacks, cookie bites, bakery - https://www.grocerydive.com/news/walmart-new-grocery-private-label-bettergoods/714691/), Marketside bakery; pet: Ol' Roy, Pure Balance / Pure Balance Pro+ (vet-formulated), Special Kitty - https://storebrands.com/walmart-grows-pet-category-debuts-premium-private-label-pet-food. 21 private brands over $1B each.",,,,,,true
Costco,https://www.costco.com,bakery,retailer_private_label,Claudine Adamo,"Executive Vice President, Merchandising",Issaquah,WA,retail_private_label,"Program: Kirkland Signature (~$90B 2025 sales, up ~$15B YoY; each new SKU needs CEO Ron Vachris sign-off). No dedicated private-brand VP surfaced; Adamo is chief merchant over all KS items - https://massmarketretailers.com/costco-names-claudine-adamo-chief-merchant/. 2026 news: ~30 new KS items in Q2 incl. bakery - https://storebrands.com/costco-continues-expanding-kirkland-signature-assortment ; new KS bakery cookies (Peanut Butter Monster Cookies 24ct, Raspberry Filled Cookies, Chocolate Chip Cookie Bar Cake) - https://thecoconutmama.com/new-kirkland-signature-products-hitting-costco-shelves-in-2026/. Pet: KS dog food (Nature's Domain) and KS dog biscuits/treats ongoing; no 2025-26 pet treat launch news found.",,,,,,true
Albertsons/Safeway,https://www.albertsonscompanies.com,bakery,retailer_private_label,Jack Pestello,"President, Own Brands",Boise,ID,retail_private_label,"Programs: Signature SELECT, O Organics, Open Nature, Overjoyed (cookies/bakery/treats), Soleil; Own Brands ~$16.9B - https://progressivegrocer.com/albertsons-own-brands-inside-169b-private-label-business-fueling-its-frozen-and-beverage-push. Pestello named president Own Brands Aug 2025 - https://storebrands.com/albertsons-updates-merchandising-team-leadership ; https://www.grocerydive.com/news/albertsons-merchandising-executive-changes-customers-for-life/759071/. 2025 news: 20+ limited-edition spring Own Brands items incl. cookies, wafer rolls, madeleines - https://www.albertsonscompanies.com/newsroom/press-releases/news-details/2025/Albertsons-Companies-Launches-Over-20-Limited-Edition-Own-Brands-Products-to-Celebrate-the-Spring-Season/default.aspx. No 2025-26 own-brand pet launch found. Alt: Michelle Larson (merchandising transformation lead).",,,,,,true
Sprouts Farmers Market,https://about.sprouts.com,cookie,retailer_private_label,Don Clark,Chief Merchandising Officer,Phoenix,AZ,retail_private_label,"Program: Sprouts Brand (>$2B FY2025 sales, ~26% of Q4 sales; 350+ new items 2025, 600+ planned 2026; goal to double own-brand penetration). Clark joined Feb 2026 (ex Giant Eagle CMO, Whole Foods SVP) - https://www.grocerydive.com/news/sprouts-farmers-market-csuite-executive-changes-cmo-chief-customer-officer/812821/. News: https://storebrands.com/following-strong-2025-sprouts-continues-boost-private-label-mix ; sweet heat snacks & wellness bowls added - https://progressivegrocer.com/sprouts-adds-sweet-heat-snacks-and-wellness-bowls-private-label-roster. Nick Konat becomes CEO Jan 4 2027. No dedicated private-label VP surfaced.",,,,,,true
Whole Foods Market,https://www.wholefoodsmarket.com,pet_treat,retailer_private_label,Sonya Gafsi Oblisk,Chief Merchandising & Marketing Officer; VP Worldwide Grocery Stores Private Brands & Marketing,Austin,TX,retail_private_label,"Programs: 365 by Whole Foods Market, Whole Foods Market Exclusive Brand, Whole Paws (pet food/treats); 4,000+ Exclusive Brands SKUs, sales up 50%+ vs 2019 - https://www.businesswire.com/news/home/20250922010467/en/Whole-Foods-Market-Brings-Private-Label-Products-to-Asia-for-the-First-Time. 2026 news: expanded 365 assortment / value push - https://www.bloomberg.com/news/features/2026-08-03/whole-foods-stocks-more-affordable-items-with-expanded-365-brand ; https://www.grocerydive.com/news/whole-foods-sharpening-value-proposition-private-label/761329/. Supplier All-Star Awards route: https://www.wholefoodsmarket.com/company-info/newsroom/news-releases/whole-foods-market-announces-annual-supplier-all-star-awards.",,,,,,true
H-E-B,https://www.heb.com,pet_treat,retailer_private_label,Rebecca Frechette,"Senior Vice President, Own Brands",San Antonio,TX,retail_private_label,"Programs: H-E-B brand, Hill Country Fare, H-E-B Select Ingredients, Field & Future, Heritage Ranch by H-E-B (dog/cat food & treats), Central Market; ~7,000 unique own-brand items. Frechette title per Comparably/LinkedIn snippet - https://www.comparably.com/companies/h-e-b/rebecca-frechette. Alt: Scott Mitchell, chief merchant. News: Store Brands 'Retailers To Watch In 2026: H-E-B' - https://storebrands.com/retailers-watch-2026-h-e-b ; 2026 $700M San Antonio manufacturing/distribution expansion incl. a bakery (in-house capability, note for co-man pitch) - https://en.wikipedia.org/wiki/H-E-B. No specific 2025-26 Heritage Ranch expansion news found.",,,,,,true
Wegmans,https://www.wegmans.com,bakery,retailer_private_label,Nicole Wegman,"President, Wegmans Brand",Rochester,NY,retail_private_label,"Program: Wegmans Brand (Wegmans Organic, Food You Feel Good About, EZ Meals; pet: Wegmans Nature dog food, Wegmans Organic dog treats). Wegman promoted from SVP to President of Wegmans Brand - https://www.wegmans.com/news-media/press-releases/wegmans-announces-promotion-of-nicole-wegman-to-president-of-wegmans-brand ; https://storebrands.com/wegmans-elevates-leader-private-brands. Known for co-packing partnerships - https://www.packworld.com/leaders-new/materials/closures/article/13346074/wegmans-market-savvy-and-copacking-lift-private-label. No 2025-26 pet/bakery expansion news surfaced.",,,,,,true
Publix,https://corporate.publix.com,bakery,retailer_private_label,Karen Hall,"Director, Emerging Business & Private Brands",Lakeland,FL,retail_private_label,"Programs: Publix brand, GreenWise (2,500+ SKUs; GreenWise Bakery), Publix Premium; pet food under Publix brand. Hall received George W. Jenkins Award Dec 2024 - https://corporate.publix.com/newsroom/news-stories/12052024---publix-director-of-emerging-business-and-private-brands-receives-the-gwj-award. News: Oct 2025 private-label spotlight spanning pet food - https://corporate.publix.com/newsroom/news-stories/10152025---check-out-publixs-private-label-products ; new GreenWise bakery items May 2026 - https://www.yahoo.com/lifestyle/articles/publix-items-wont-want-miss-212816914.html. Alt: Tim Cox (private label strategy).",,,,,,true
Aldi US,https://corporate.aldi.us,pet_treat,retailer_private_label,Joan Kavanaugh,"Vice President, National Buying",Batavia,IL,retail_private_label,"Programs: ~90% private label; 2025-26 rebrand consolidating sub-brands under ALDI name - https://www.grocerydive.com/news/aldi-private-label-rebrand-namesake-brand/760912/ ; pet: Heart to Tail (Pure Being dog food, natural dog chews, cat treats reformulated). Kavanaugh quoted on product strategy - https://www.grocerydive.com/news/aldi-launches-first-ready-made-meals/830985/. News: Mar 2025 new Heart to Tail pet items incl. Assorted Natural Dog Chews - https://storebrands.com/aldi-adds-new-store-brand-pet-products ; Sept 2026 Forbes on Aldi as trend-setter - https://www.forbes.com/sites/pamdanziger/2026/09/24/inside-aldis-shift-from-dupe-disruptor-to-grocery-trend-setter/ ; first ready-made meals Oct 2026.",,,,,,true
Trader Joe's,https://www.traderjoes.com,pet_treat,retailer_private_label,,,Monrovia,CA,retail_private_label,"Nearly all products private label; buyers not publicly named. Execs: Bryan Palbaum CEO/Chairman; Jon Basalone vice-CEO/President (not PL-specific). Pet treat activity 2025-26: refreshed Advent Calendar for Dogs (freeze-dried chicken), Freeze-Dried Just Salmon for Pets, Just Sardines cat & dog treats, limited-edition Hugs & Cookies peanut butter decorated dog treats - https://www.yahoo.com/lifestyle/articles/trader-joe-advent-calendar-dogs-003300802.html ; https://paradepets.com/pet-news/trader-joes-hugs-and-cookies-peanut-butter-decorated-dog-treats ; https://www.trendhunter.com/trends/just-sardines-cat-and-dog-treats. Approach via vendor inquiry on traderjoes.com.",,,,,,true
Petco,https://corporate.petco.com,pet_treat,retailer_private_label,Jenny Wolski,"Senior Vice President, Merchandising, Supplies & Owned Brands Product Development",San Diego,CA,retail_private_label,"Programs: WholeHearted (food/treats/fresh), Well & Good, Reddy, So Phresh, EveryYay, Youly, Leaps & Bounds, Petco Candy Shop treats. Wolski profile - https://www.linkedin.com/in/jennywolski/. Alt: Michael Romanko, Chief Customer & Product Officer (oversees owned brands); Jack Stout, CMO (Feb 2025). 2026 news: 800+ new items; WholeHearted limited-ingredient dog food (Mar 2026), cat poke bowls (Apr 2026), Petco Candy Shop cat treats - https://corporate.petco.com/2025-12-18-New-Year,-New-Everything-Petco-Launches-Hundreds-of-Novel-Must-Have-Items-to-Kick-off-2026 ; 2026 goal to ramp owned brands in food - https://www.petfoodprocessing.net/articles/20241-petco-eyes-fresh-pet-food-market-to-drive-growth.",,,,,,true
PetSmart,https://www.petsmart.com,pet_treat,retailer_private_label,Jesica Duarte,Executive Vice President & Chief Commercial Officer (oversees merchandising and proprietary brands),Phoenix,AZ,retail_private_label,"Programs: Simply Nourish, Authority, Only Natural Pet, Great Choice, Top Paw. Duarte appointed Aug 2025 - https://www.morningstar.com/news/pr-newswire/20250804la43705/petsmart-appoints-jesica-duarte-as-executive-vice-president-and-chief-commercial-officer. No 2025-26 proprietary-brand launch news surfaced; 2026 activity was national-brand onboarding (Open Farm, Stella & Chewy's) - https://www.petfoodindustry.com/news-newsletters/pet-food-news/news/15827090/open-farm-launches-in-nearly-1700-petsmart-stores. Store Brands company page: https://storebrands.com/company/petsmart-llc.",,,,,,true
Pet Supplies Plus,https://www.petsuppliesplus.com,pet_treat,retailer_private_label,Jeff Rayes,"Vice President, Merchandising",Livonia,MI,retail_private_label,"Programs: Redford Naturals, OptimPlus, Mitten's Morsels, Mitten's Pickins, Hartwick Fields, Wixom Ranch Natural Chews (launched late 2024/Jan 2025), PlayOn. Rayes title per ZoomInfo snippet - https://www.zoominfo.com/p/Jeff-Rayes/9882499291. News: Jan 10 2025 Store Brands 'Private Brands Key to Pet Supplies Plus Future Growth' - https://storebrands.com/private-brands-key-pet-supplies-plus-future-growth ; https://www.petsuppliesplus.com/brands/wixom-ranch-natural-chews. Now under Fusion Parent LLC after 2025 restructuring.",,,,,,true
Tractor Supply,https://corporate.tractorsupply.com,pet_treat,retailer_private_label,Kyle Murphy,"Vice President & Divisional Merchandising Manager, Pets & Services",Brentwood,TN,retail_private_label,"Programs: 4health (140+ products; 15th anniversary Aug 2025), Retriever, Paws & Claws. Alt: Seth Estep, EVP Chief Merchandising Officer. 2025 news: 4health Shreds launch Jan 2025 - https://ir.tractorsupply.com/newsroom/news-releases/news-releases-details/2025/Tractor-Supply-Launches-4health-Shreds-Premium-Dog-Food/default.aspx ; https://storebrands.com/tractor-supply-expands-proprietary-4health-pet-food-brand. 2026 news: Aug 5 2026 expanded pet assortment with 200+ new dog & cat products incl. air-dried, gently cooked, toppers and treats - https://corporate.tractorsupply.com/newsroom/news-releases/news-releases-details/2026/Tractor-Supply-Expands-Pet-Assortment-With-More-Than-200-New-Dog-and-Cat-Products/default.aspx.",,,,,,true
Chewy,https://www.chewy.com,pet_treat,retailer_private_label,Paul Hunt,"Vice President, Private Brands",Plantation,FL,retail_private_label,"Programs: Chewy Made master brand (2026 consolidation of American Journey, Tiny Tiger, True Acre Foods, Bones & Chews, Frisco), Vibeful (supplements), Get Real (fresh dog food, 2025). Hunt title per ZoomInfo snippet - https://www.zoominfo.com/p/Paul-Hunt/2377667626 (verify); Jason Giroir, Director of Private Brands (already on file) - https://www.inc.com/ali-donaldson/how-chewys-director-of-private-brands-builds-and-leads-teams/91063723 ; Allen Hughes, President of Retail (quoted on master-brand strategy). Prior VP Nate Deno left for PetSafe Brands. News: https://storebrands.com/why-chewy-streamlining-its-store-brands-portfolio-one-master-brand (Aug 13 2026) ; https://www.petfoodindustry.com/pet-food-marketing-and-branding/news/15825690/chewy-consolidates-private-label-pet-brands-under-chewy-made ; https://www.petage.com/ecommerce-pet-retailer-chewy-private-label-brands-chewy-made/.",,,,,,true
Dollar General,https://www.dollargeneral.com,pet_treat,retailer_private_label,Jackie Li,"Senior Vice President, Private Brands & Global Sourcing (appointed 2022; verify current)",Goodlettsville,TN,retail_private_label,"Programs: Clover Valley (>$2.3B; ~100 new PB items in Q1 2025, half Clover Valley), Heartland Farms (pet food/treats, 100% made in USA), Forever Pals (pet), Sweet Smiles. Li appointment - https://www.grocerydive.com/news/dollar-general-names-11-new-executives-as-it-springs-ahead/624694/. Alt: Bryan Wheeler, Chief Merchandising Officer (Nov 2025) - https://www.grocerydive.com/news/dollar-general-new-operations-merchandising-chiefs/805695/ ; Emily Taylor, EVP. News: Jan 2025 private-brand expansion - https://www.businesswire.com/news/home/20250123540343/en ; https://storebrands.com/dollar-general-expanding-clover-valley-private-brand ; https://www.grocerydive.com/news/dollar-general-expanding-private-label-clover-valley/738282/.",,,,,,true
Meijer,https://www.meijer.com,bakery,retailer_private_label,Tameka Carr,"Vice President, Own Brand",Grand Rapids,MI,retail_private_label,"Programs: 18 own brands incl. Meijer, True Goodness by Meijer, Frederik's by Meijer, Grand Gourmet, Fresh from Meijer, Meijer pet food/treats. Carr assumed VP Own Brand Apr 2025 (ex-Kroger Director Product Development & Quality) - https://www.zoominfo.com/p/Tameka-Carr/9682159886 ; https://www.linkedin.com/in/tamekacarr/. Alt: Don Sanderson, Chief Merchandising & Marketing Officer. 2026 news: 300+ new private label items focused on protein/fiber/gut health incl. protein puff snacks and beef sticks - https://www.grocerydive.com/news/meijer-private-label-nutrition-trends-protein-fiber/817894/ ; https://storebrands.com/meijer-focuses-private-label-offerings-gut-health-and-protein. Vendor hub: https://www.meijer.com/shopping/about-meijer/vendor-hub/own-brand.html.",,,,,,true
Hy-Vee,https://www.hy-vee.com,cookie,retailer_private_label,Elisa Sloss,"Senior Vice President, Private Brands",West Des Moines,IA,retail_private_label,"Programs: Hy-Vee brand, That's Smart!, Nothing But The Truth (launched Jan 2026, clean-label snacks/chips/breakfast; excludes 150+ ingredients). Sloss profile - https://theorg.com/org/hy-vee/org-chart/elisa-sloss ; https://www.zoominfo.com/p/Elisa-Sloss/1975402030. News: https://www.hy-vee.com/corporate/news-events/news-press-releases/hyvee-introduces-new-private-brand-that-features-betterforyou-products-made-with-clean-ingredients/ ; https://storebrands.com/hy-vee-debuts-nothing-truth-private-label ; https://www.foodnavigator-usa.com/Article/2026/02/02/kroger-hy-vee-unfi-fuel-better-for-you-private-label-boom-in-2026/. Aaron Wiese CEO effective Oct 1.",,,,,,true
Thrive Market,https://thrivemarket.com,cookie,retailer_private_label,April Lane,Chief Merchandising Officer (oversees own brand assortment),Los Angeles,CA,retail_private_label,"Programs: Thrive Market brand (650+ owned-brand SKUs, ~25% of revenue incl. snacks and kids snacks; sells third-party pet food), Rosey, f.a.e. Lane named CMO 2025 - https://storebrands.com/thrive-market-names-new-chief-merchandising-officer ; https://progressivegrocer.com/thrive-market-hires-chief-merchandising-officer. Apr 2025 hired 4 merchandising leaders - https://progressivegrocer.com/thrive-market-hires-4-key-merchandising-leaders. Own-brand strategy drove $100M - https://www.modernretail.co/retailers/thrive-markets-private-label-strategy-drove-100m-in-sales/. No own-brand pet line found.",,,,,,true
Amazon,https://www.aboutamazon.com,pet_treat,retailer_private_label,Matt Taddy,"Vice President, Amazon Private Brands",Seattle,WA,retail_private_label,"Programs: Amazon Basics, Amazon Essentials, Wag (Prime-exclusive dog/cat food, treats; 2026 portfolio incl. wet food and limited-ingredient), Amazon Grocery (Oct 2025 private-label grocery brand, most items under $5 - https://www.cnbc.com/2025/10/01/amazon-grocery-under-5-dollars.html), Amazon Fresh/Happy Belly. Taddy quoted on private brand strategy Oct 2025 - https://www.theofficialboard.com/news/amazon-com-private-label. Wag background - https://www.petfoodindustry.com/home/article/15465379/amazon-launches-7-varieties-of-wag-private-label-cat-food ; https://progressivegrocer.com/amazon-introduces-prime-exclusive-pet-care-private-label. Amazon trimmed private-label brands in 2023 - https://www.retaildive.com/news/amazon-reduce-private-label/690659/.",,,,,,true
