company,website,category,segment,contact_name,contact_title,email,linkedin_url,city,state,source,notes,in_national_retail,recent_funding,recent_retail_launch,hiring_ops_or_production,sells_wholesale,mentions_copacker,mentions_private_label,out_of_stock,has_pet_and_human_lines,explicit_own_facility_only
Mightylicious Gluten Free,https://mightylicious.com,cookie,established_brand,Carolyn Haeler,Founder & CEO,,,,NJ,retail_launch_news+expo_west_2026,"Aug 13 2026 press release: expanded national retail distribution to nearly 1,100 stores (already at Walmart, Costco, Whole Foods, Fairway, King's, Price Chopper); Sept 25 2026 launched a capital raise on Republic to fund Wakefern/Wegmans expansion, DTC and 'full vertical integration of its supply chain'; new thicker crispier cookie formula shipped June 2026. https://www.nosh.com/pr/2026/08/13/awardwinning-mightylicious-gluten-free-expands-national-retail-distribution-across-leading-grocery-chains and https://www.nosh.com/pr/2026/09/25/mightylicious-gluten-free-launches-capital-raise-on-republic-to-fuel-national-retail-expansion-and-supply-chain-integration || NJ gluten-free cookie and brownie-mix brand exhibited at Expo West 2026 (Booth N2336) and announced expanded national retail distribution across leading grocery chains in Aug 2026; https://www.nosh.com/pr/2026/08/13/awardwinning-mightylicious-gluten-free-expands-national-retail-distribution-across-leading-grocery-chains",true,true,true,,true,,,,,
cadootz!,https://cadootz.com,bakery,established_brand,Rachel Mansfield,Co-founder,,,Millburn,NJ,funding_news,"Organic kids cheese-cracker brand raised $3M+ seed led by Selva Ventures (April 2026) and launched in 2,000+ Target stores nationwide as its first retail partner in June 2026; https://www.prnewswire.com/news-releases/breakout-kids-snack-brand-cadootz-secures-3m-seed-funding-to-scale-nationwide-retail-expansion-302736104.html",true,true,true,,true,,,,,
Bakeful,https://bakeful.com,cookie,established_brand,Tony Davis,Founder and CEO,,,,NY,retail_launch_news,"Emerging clean-label sweet baked snack brand launched nationwide at Target stores and Target.com in April 2026 with mini donuts, mini muffins and Target-exclusive Brownieful mini brownies (baked goods, not cookies; included as adjacent lead). https://www.nosh.com/pr/2026/04/23/bakeful-debuts-sweet-baked-snacks-at-target-nationwide-including-exclusive-new-brownieful-mini-brownies || New York-based Bakeful launched mini muffins and Target-exclusive Brownieful mini brownies nationwide in April 2026 and expanded to a seven-SKU lineup in all 50 states by July 2026; https://www.nosh.com/pr/2026/07/07/bakeful-expands-its-target-assortment-with-more-betterforyou-favorites-including-exclusive-brownieful-mini-brownies || STRONG FIT: mini muffins and mini donuts at Target, Walmart, HEB, Safeway, Ralphs, ShopRite (bakeful.com). Verified 2026-09-28.",true,,true,,true,,,,,
Brune Kitchen,https://brunekitchen.com,cookie,established_brand,Tania Sweis,Founder,hello@brunekitchen.com,,,,retail_launch_news,"Women-owned, BIPOC-founded clean-label cookie brand; Chocolate Chip and Peanut Butter Chunk cookies launched nationwide in the refrigerated section at Sprouts Farmers Market (April 30 2025 release). https://www.nosh.com/pr/2025/04/30/brune-kitchen-launches-nationwide-at-sprouts-farmers-market || STRONG FIT: soft-baked organic gluten-free vegan cookies at Sprouts and Erewhon; founders Tania and Jahan; public email hello@brunekitchen.com (brunekitchen.com/pages/about-us).",true,,true,,true,,,,,
Chewsday (Targeted Pet Treats),https://targetedpettreats.com,pet_treat,established_brand,,,,,Warren,PA,retail_launch_news+brand_extension,"New Chewsday treat brand (enzymatic dental chews, collagen chews, functional rewarding treats) launching spring 2026 in 4,500+ stores plus Amazon and Chewy; parent Targeted Pet Treats operates its own plant so co-pack fit may be limited. https://www.timesobserver.com/news/local-news/2026/05/targeted-pet-treats-launches-new-brand/ || Launched new Chewsday dog treat brand in spring 2026 into more than 4,500 stores nationwide plus Amazon and Chewy after winning 2026 Product of the Year in the dog treat category. https://www.timesobserver.com/news/local-news/2026/05/targeted-pet-treats-launches-new-brand/",true,,true,,true,,,,,
Dog Treat Naturals,https://dogtreatnaturals.com,pet_treat,established_brand,Trevor Cronin,Founder,,,,,retail_launch_news,Functional treat brand signed distributor John A. Van Den Bosch for Midwest/Ohio Valley pet specialty expansion; also listed at Target.com. https://www.petfoodprocessing.net/articles/20634-dog-treat-naturals-expands-distribution-with-van-den-bosch,true,,true,,true,,,,,
MOSH,https://moshlife.com,snack,established_brand,Patrick Schwarzenegger,Co-founder,,,Los Angeles,CA,funding_news,"Brain-health bar brand raised $13M Series A led by Main Street Advisors (May 2026) to fund national grocery expansion, an upcoming nationwide Target rollout and a new 20g MOSH High Protein bar; 2,000+ retail doors; https://www.nosh.com/news/2026/mosh-raises-13m-to-scale-brain-health-bar-brand-launch-high-protein-line || MODERATE FIT: protein bars (not baked); rebranded 2026; confirm whether the facility runs bars.",true,true,true,,true,,,,,
PawCo,https://www.mypawco.com,pet_treat,established_brand,Dr. Mahsa Vazin,Founder and CEO,,,,,chewy_new,"Plant-based functional treats (InstaBites, Magic Bars, Magic Cookies) and dog food launched on Chewy June 17 2026; raised $2M in 2024. https://www.petage.com/science-backed-dog-nutrition-pawco-retail-chewy/ || STRONG FIT: Magic Cookie crunchy dog biscuits in five variations, launched 2025 (prnewswire 302535907); also fresh meals.",true,,true,,true,,,,,
Three Dog Brands (Three Dog Bakery),https://threedog.com,pet_treat,established_brand,,,,,,,superzoo_2026+brand_extension,Unveiled seven new treat products at SUPERZOO 2026 and eight at Global Pet Expo 2026; Bark'n Crunch Chicken Chips expanded to Walmart stores May 2026 and brand entered PetSmart. https://www.petfoodprocessing.net/articles/20760-three-dog-brands-to-unveil-slew-of-new-products-during-superzoo-2026 ; https://www.petage.com/three-dog-bakery-barkn-crunch-chicken-chips-walmart/ || Unveiling new Small Dog Lick'n Crunch and Small Dog Mini Mutts Cookie Trio baked sandwich cookies at SUPERZOO 2026 with shelves planned for early 2027. https://www.petfoodprocessing.net/articles/20760-three-dog-brands-to-unveil-slew-of-new-products-during-superzoo-2026,true,,true,,true,,,,,
Woof (Pupsicle),https://mywoof.com,pet_treat,established_brand,,,,,,,petsmart_launch,"Pupsicle, Refill Pupsicle Pops and Treat Trays launched in PetSmart stores nationwide and PetSmart.com. https://www.petfoodindustry.com/pet-food-marketing-and-branding/news/15708783/woof-expands-retail-presence-with-petsmart-launch || MODERATE FIT: sells treat refills for the Pupsicle toy (mywoof.com), Denver CO; the refill is the product to pitch.",true,,true,,true,,,,,
Elavi,https://elavi.co,bakery,established_brand,Michelle Razavi,Co-founder,,,Los Angeles,CA,retail_launch_news,"Los Angeles-based protein brownie brand went national at Whole Foods Market and crossed 1,000 retail doors with a 114-store Wegmans launch in April 2026; https://www.nosh.com/pr/2026/04/09/elavi-crosses-1000-retail-doors-with-wegmans-launch-bringing-clean-protein-brownies-to-the-northeast",true,,true,,true,,,,,
LL's Kitchen,https://llskitchen.com,bakery,established_brand,Lindsey Mifsud,Founder,,,,CA,retail_launch_news,Bay Area olive-oil granola brand's first national retail launch placed three SKUs in Sprouts' main granola set across 487+ stores in June 2026; https://www.nosh.com/pr/2026/06/09/lls-kitchen-announces-firstever-national-retail-launch-of-betterforyou-granola-in-487-sprouts-farmers-market-locations,true,,true,,true,,,,,
Seven Sundays,https://sevensundays.com,bakery,established_brand,,,,,Minneapolis,MN,expo_west_2026,"Showcased new granola with freeze-dried fruit and oat cakes at Expo West 2026 and Bright Side Triple Berry Granola was a 2026 NEXTY finalist; expanded ~10,000 doors (Target, Walmart, Kroger, Costco) but note it acquired manufacturing partner Birch Packaging; https://www.snackandbakery.com/articles/115174-expo-wests-nexty-awards-reveals-2026-finalists",true,,true,,true,,,,,
Kismet,https://kismetpets.com,pet_food,established_brand,,,,,,,petsmart_launch,"Chrissy Teigen and John Legend gut-health dog food brand expanded to PetSmart stores and entered pet specialty retail for the first time in 2026. https://www.petage.com/chrissy-teigen-john-legend-gut-health-kismet-petsmart-stores/ ; https://www.petfoodprocessing.net/articles/20931-kismet-enters-pet-specialty-retail-stores-for-first-time || GOOD FIT for treats: sells two treat flavors alongside kibble (kismetpets.com); PetSmart and Chewy national; pitch the treat line, not the kibble.",true,,true,,true,,,,,
Open Farm,https://openfarmpet.com,pet_food,established_brand,,,,,,,petsmart_launch,"Brought full portfolio (dry, wet, freeze-dried, treats, supplements) to nearly 1,700 PetSmart stores beginning June 2026. https://www.petfoodprocessing.net/articles/20559-open-farm-makes-its-debut-in-petsmart-stores-nationwide || MODERATE FIT: large brand with treats in its portfolio; long cycle, likely has incumbent co-manufacturers; second-source pitch.",true,,true,,true,,,,,
Natural Balance Pet Foods,https://naturalbalanceinc.com,pet_treat,established_brand,,,,,,,brand_extension,"Introduced Yo-Gut Bites, a new line of oven-baked digestive-health dog treats, among new products at Global Pet Expo in March 2026. https://www.naturalbalanceinc.com/news-room/new-products-2026/",true,,true,,,,,,,
WellJoy,https://welljoy.com,pet_treat,established_brand,,,,,,,superzoo_2025,Kent Worldwide's new dual-benefit functional treat and supplement brand debuted at SUPERZOO 2025; now on Chewy and Amazon with more retail partners planned. https://www.petfoodprocessing.net/articles/19585-new-pet-wellness-brand-debuts-at-superzoo-2025,true,,true,,,,,,,
Bocce's Bakery,https://boccesbakery.com,pet_treat,established_brand,,,,,,,global_pet_expo_2026,Showed new Protein Jerky line (88-90% protein) and Froyo soft-chewy treats at Global Pet Expo 2026 booth #809; products listed at PetSmart and Amazon. https://pet-insight.com/article/global-pet-expo-takeaways-dog-chews-and-treats/,true,,,,true,,,,,
Chewy,https://www.chewy.com,pet_treat,retailer_private_label,,,,,,,brand_extension,"Consolidated its private label brands American Journey, Tiny Tiger, True Acre Foods and Bones & Chews into a new Chewy Made line covering food and treats with refreshed packaging in 2026. https://www.petage.com/ecommerce-pet-retailer-chewy-private-label-brands-chewy-made/ || LARGE PRIVATE LABEL: Chewy Made consolidates American Journey, Tiny Tiger, True Acre, Bones & Chews (petfoodindustry 15825690); long cycle, supplier-onboarding path.",true,,true,,,,,,,
Day Out Snacks,https://getdayout.com,snack,established_brand,,,,,,,retail_launch_news,"Dessert-inspired protein ball brand (Brownie Batter, Cookie Dough, Cinnamon Bun) landed its first permanent national placement in 2,000 Target stores June 2026 with an 800-store end-cap rotation; https://www.nosh.com/pr/2026/06/10/day-out-snacks-lands-nationwide-at-target || MODERATE FIT: no-bake plant-based protein balls, Montville NJ, national Target launch; not a baked product but a bakery line could run it, confirm.",true,,true,,true,,,,,
Junkless,https://junklessfoods.com,snack,established_brand,,,,,Kalamazoo,MI,retail_launch_news,"Granola-bar brand launched protein bars Oct 2025 and a Peanut Butter Chocolate Brownie flavor in 2026; Plant Power protein bars in ~1,100 Walmart stores and pursuing c-store/mass/club; ~43 employees; https://www.nosh.com/news/2026/junkless-builds-its-next-act-as-protein-fuels-new-opportunities || MODERATE FIT: chewy granola and protein bars, Jericho NY; LeadIQ lists it as a manufacturing company so confirm whether it self-manufactures.",true,,true,,true,,,,,
Meli's Monster Cookies,https://melismonstercookies.com,cookie,established_brand,Melissa Blue,Co-founder,,,,,retail_launch_news,"Gluten-free monster cookie brand now in over 9,000 stores including Walmart and Target; expanded into 100 Costco stores in Texas and Los Angeles in April 2022; CB Insights shows $1.11M raised over 3 rounds with a debt round in Oct 2023. https://www.nosh.com/food-wire/2022/melis-monster-cookies-expands-into-costco/ and https://www.cbinsights.com/company/melissas-monster-cookies/financials || GOOD FIT: pre-baked gluten-free cookies plus dry mixes, Austin TX (melismonstercookies.com).",true,,,,true,,,,,
Tractor Supply Company,https://corporate.tractorsupply.com,pet_treat,retailer_private_label,,,,,,,brand_extension,Announced in 2026 an expansion of its pet assortment with more than 200 new dog and cat products including treats at everyday value. https://corporate.tractorsupply.com/newsroom/news-releases/news-releases-details/2026/Tractor-Supply-Expands-Pet-Assortment-With-More-Than-200-New-Dog-and-Cat-Products/default.aspx,true,,true,,,,,,,
Craize Snacks,https://gocraize.com,bakery,established_brand,Michele Abo,"General Manager, Kayco Beyond",,,Miami,FL,sweets_snacks_2026,Miami fire-griddled corn cracker brand (founded 2021) made its Sweets & Snacks Expo 2026 and Expo West 2026 debuts after winning sofi Gold Best Cracker 2026; distributed nationally by parent Kayco Beyond; https://www.nosh.com/pr/2026/05/08/craize-snack-crackers-awardwinning-line-makes-sweets--snacks-expo-debut,true,,,,true,,,,,
Olyra Foods,https://olyrafoods.com,bakery,established_brand,Yannis Ouzounopoulos,Founder,,,,,expo_west_2026,"Ancient-grain breakfast biscuit brand whose Blueberry Fig Bars were a 2026 NEXTY finalist; sold at Whole Foods, Costco, Walmart and Amazon and called out in Whole Foods' 2026 trends forecast; https://www.snackandbakery.com/articles/115174-expo-wests-nexty-awards-reveals-2026-finalists",true,,,,true,,,,,
BARK (BarkBox),https://bark.co,pet_treat,subscription_box,,,,,,,cross_category,"Named as the maker of Girl Scouts' new Patch Pals soft-baked dog treats launching Jan 2027 (announced Sept 2026), a large new baked-treat SKU on top of its subscription box business. https://bark.co/sites/girlscouts/",true,,true,,,,,,,
Creative Foods LLC,https://mycreativefoods.com,bakery,established_brand,,,,,Baltimore,OH,copacker_closure,Commercial bakery product co-manufacturer supplying grocery and private-label brands filed Chapter 11 on Jan 14 2026 (S.D. Ohio) after losing a contract manufacturing partner worth 50% of revenue; customer brands unnamed; business later sold to Kagome. https://www.thestreet.com/restaurants/huge-food-brand-you-dont-know-creative-foods-files-chapter-11-bankruptcy,,,,,true,true,,,,
A Better Treat,https://abettertreat.com,pet_treat,emerging_brand,Boris Chung,Sales Manager,,,,CA,expo_west_2025,Family/minority-owned organic single-ingredient freeze-dried treat brand competed in Expo West Pitch Slam (2025) and exhibited at SUPERZOO 2025; sold at Whole Foods Market. https://www.newhope.com/natural-products-expos/foods-beverages-pet-treats-plant-care-brands-compete-2025-expo-west-pitch-slam,true,,,,true,,,,,
American Pet Nutrition,http://www.americanpetnutrition.com,pet_food,established_brand,,,,,,,retail_launch_news,Expanded product line and grocery distribution/retail reach in 2026 per PetfoodIndustry and Pet Food Processing. https://www.petfoodprocessing.net/articles/20762-american-pet-nutrition-expands-grocery-distribution || UNCERTAIN FIT: Ogden UT; confirm whether it is a brand or a manufacturer before contacting (not the same company as American Nutrition / Alphia).,,,true,,true,,,,,
Champ's Pet Kitchen,https://champspetkitchen.com,pet_treat,emerging_brand,Mike Wickman,Founder and President,,,Danville,CA,retail_launch_news,"Lean-protein soft chew treats scaling to 1,200+ grocery stores (Save Mart, Raley's, Safeway, Albertsons) in early 2026. https://www.petfoodindustry.com/news-newsletters/pet-food-news/news/15775047/champs-pet-kitchen-scales-to-reach-1200-stores-in-2026 || GOOD FIT: soft-chew lean-protein treats made in an FDA-registered facility (likely outsourced); 1,200+ grocery doors.",,,true,,true,,,,,
Farm to Pet,https://farmtopettreats.com,pet_treat,emerging_brand,Jackson Jones,Founder,,,Chicago,IL,funding_news+brand_extension,"Bootstrapped single-ingredient chip treat brand ($5M+ 2025 revenue, profitable 2026) opened Reg CF crowdfunding on StartEngine June 2026 explicitly to expand production capacity; sold via independent retailers and Walmart.com marketplace. https://www.petfoodindustry.com/news-newsletters/pet-food-news/news/15828901/farm-to-pet-opens-first-crowdfunding-campaign-on-startengine || Opened its first Regulation Crowdfunding campaign on StartEngine in 2026 after growing to $5M+ 2025 revenue from a 13,000 sq ft Chicago facility, with proceeds earmarked to expand production capacity and distribution. https://www.petfoodindustry.com/news-newsletters/pet-food-news/news/15828901/farm-to-pet-opens-first-crowdfunding-campaign-on-startengine",,true,,,true,,,,,
Let's Sprinkle by MG,https://letssprinklebymg.com,cookie,emerging_brand,Melissa Gorga,Founder,,,,,brand_extension,"Reality-TV founder's cookie brand (launched Dec 2024, $1.5M+ sales) added a new classic flavor in 2026 and is carried by ShopRite, Kings Food Markets, Morton Williams and Top Tomato. https://parade.com/news/melissa-gorga-new-cookie-flavor-lets-sprinkle-by-mg || GOOD FIT: Italian sprinkle butter cookies and coffee cake in New Jersey ShopRites, celebrity-founded brand (letssprinklebymg.com).",,,true,,true,,,,,
Spoiled Pets,https://shopspoiledpets.com,pet_treat,emerging_brand,Daedrien Leyva-Lynn,Founder and CEO,,,Houston,TX,superzoo_2026,Founded 2024 freeze-dried meals/treats brand selected for Emerging Brands Pavilion and New Products Showcase at SUPERZOO 2026 and separately launched on Chewy; wholesale listing on Faire. https://www.petfoodprocessing.net/articles/20658-spoiled-pets-selected-for-emerging-brands-pavilion-launching-new-treats-at-superzoo-2026 ; https://www.petfoodprocessing.net/articles/20669-spoiled-pets-launches-on-chewy,,,true,,true,,,,,
Fields Good,https://fieldsgood.co,cookie,established_brand,Ashley Fields,Founder,,,Austin,TX,funding_news+brand_extension,"Raised $1.8M pre-seed in May 2026 led by Female Founders Fund; functional cookie brand founded by Debbi Fields' daughter; funds earmarked to scale DTC, expand to TikTok Shop and Amazon, and build toward national retail distribution. https://www.finsmes.com/2026/05/fields-good-raises-1-8m-in-pre-seed-funding.html and https://raising.fi/news/fields-good-pre-seed-may-2026 || Functional soft-baked cookie brand (Protein, Focus, Sleep cookies) launched May 2026 with a $1.8M pre-seed led by Female Founders Fund, planning DTC/TikTok Shop/Amazon then national retail; https://www.prnewswire.com/news-releases/fields-good-launches-cookies-with-benefits-backed-by-1-8m-from-female-founders-fund-302782578.html || Functional cookie brand from Mrs. Fields founder's daughter launched May 27 2026 with three ready-to-eat cookies and a $1.8M pre-seed led by Female Founders Fund to scale DTC, TikTok Shop and Amazon and build toward national retail. https://www.prnewswire.com/news-releases/fields-good-launches-cookies-with-benefits-backed-by-1-8m-from-female-founders-fund-302782578.html",,true,,,,,,,,
Happy Wolf,https://happywolf.com,snack,established_brand,Jana Goodbaum,Co-founder,,,,,target_forward_founders,Organic refrigerated kids snack bar brand in the Target Takeoff Spring 2026 cohort; launched in Whole Foods in Nov 2024; https://accelerators.target.com/alumni-stories/spring-2026-takeoff-cohort/,true,,,,true,,,,,
Consumers Supply Distributing LLC,https://www.consumers-supply.com,pet_treat,established_brand,,,,,,IA,recall_news,"Recalled 4 lb bags of Country Vet Biscuits Original Meaty Flavor and Heartland Harvest Dog Biscuits Meaty Flavor with Chicken for Salmonella found in FDA routine sampling (announced Dec 24 2025); sold through retail stores in CO, IA, KS, MO, TX, MT and NE. https://www.fda.gov/safety/recalls-market-withdrawals-safety-alerts/consumers-supply-distributing-llc-recalls-country-vet-biscuits-dogs-due-possible-salmonella-health || GOOD FIT: Sioux City IA distributor whose Country Vet and Heartland Harvest dog biscuits were recalled for Salmonella (fda.gov); it buys biscuits from a manufacturer and may need a new supplier.",,,,,true,,,,,
Roaring Fork Mill,https://www.roaringforkmill.com,cookie,emerging_brand,Jacob Trumbull,Founder,,,Carbondale,CO,expo_west_2026,"Family-run stone flour mill previewing its new regenerative organic shortbread cookie line at Expo West 2026; Shortbread Cookies named a 2026 NEXTY finalist (Planet-forward category) and founder received a $25,000 Greg Steltenpohl Pragmatic Visionary grant on March 5 2026; mill launching a CPG cookie line is a strong co-packing fit. https://www.snackandbakery.com/articles/115174-expo-wests-nexty-awards-reveals-2026-finalists and https://www.compassnaturalmarketing.com/compass-natural-new-directions-for-green-business/tag/Roaring+Fork+Mill || Regenerative Organic Certified stone mill (founded 2022) whose shortbread cookies were a 2026 NEXTY finalist; also sells Upcycled Certified graham crackers; founder received a $25K Pragmatic Visionary grant at Expo West March 2026; https://www.snackandbakery.com/articles/115174-expo-wests-nexty-awards-reveals-2026-finalists",,true,,,,,,,,
Whoa Dough,https://www.whoadough.com,cookie,emerging_brand,Todd Goldstein,Founder,,,,,expo_west_2026,"Debuted Snackable Gluten-Free Cookie Dough Packs (Chocolate Chip, Sugar Cookie, Brownie Batter; refrigerated, ready-to-eat) at Expo West 2026, Booth #5035 Hall E, March 4-6; allergen-friendly line. https://www.nosh.com/pr/2026/03/02/double-the-fun-whoa-dough-debuts-snackable-glutenfree-cookie-dough-packs-at-expo-west || MODERATE FIT: gluten-free plant-based cookie dough bars, Cleveland OH; may be cold-chain (sold via DeliveredCold), confirm before pitching.",,,true,,,,,,,
Badlands Ranch,https://badlandsranch.com,pet_food,established_brand,,,,,,,petco_launch,Katherine Heigl's air-dried dog food and treats brand launched at Petco in January 2026. https://www.prnewswire.com/news-releases/new-year-new-everything-petco-launches-hundreds-of-novel-must-have-items-to-kick-off-2026-302645488.html || WEAK FIT: air-dried food and freeze-dried treats (Katherine Heigl brand); not baked.,true,,true,,true,,,,,
Bark Bistro,https://barkbistro.com,pet_treat,emerging_brand,,,,,,,retail_launch_news,"Announced launch in Sprouts Farmers Market and expanded retail footprint (Dec 16 2025 Business Wire release headline). https://www.businesswire.com/news/home/20251216971614/en/Bark-Bistro-Launches-in-Sprouts-Farmers-Market-and-Expands-Retail-Footprint || WEAK FIT: core product is peanut butter for dogs (Buddy Budder), not baked; also lists pancakes for dogs, so a baked line extension is possible.",,,true,,true,,,,,
Butcher's Naturals,https://butchersnaturals.com,pet_treat,established_brand,,,,,Boca Raton,FL,retail_launch_news,Single-source protein meat treats launched in Target stores and Target.com (March 2025) and later expanded into Publix; manufactured by Eurofresh Foods. https://www.petage.com/butchers-naturals-expands-premium-dog-treat-reach-with-target-launch/ ; https://www.petfoodprocessing.net/articles/20400-butchers-naturals-expands-into-publix-stores || WEAK FIT: meat treats sourced from manufacturers in Germany (butchersnaturals.com); not a baked product.,true,,true,,true,,,,,
Finfare,https://finfarepetfoods.com,pet_treat,emerging_brand,,,,,,,petco_launch,Sashimi-grade seafood dog/cat treats launched at petco.com as exclusive pet specialty retailer with stores in spring 2026; won 2026 Pet Innovation Award Alternative Cat Treat of the Year. https://www.petfoodprocessing.net/articles/20238-finfare-expands-into-petco-stores-nationwide || WEAK FIT: freeze-dried seafood treats; not baked.,true,,true,,true,,,,,
Firehook,https://firehook.com,bakery,established_brand,,,,,,,retail_launch_news,Natural cracker brand rolled out a new look and a limited-edition Truff parmesan truffle cracker collab at Publix and Ahold in May 2025; https://www.foodnavigator-usa.com/Article/2025/05/13/natural-cracker-brand-collaborates-with-standout-cross-category-companies/ || WEAK FIT: bakes crackers in its own facility in Chantilly VA (firehook.com/pages/faq); overflow-capacity pitch only.,,,true,,true,,,,,
Fussie Cat (Pets Global),https://www.fussiecat.com,pet_food,established_brand,,,contact@pets-global.com,,,,petco_launch,"Independently owned Pets Global rolled Fussie Cat into 1,200+ Petco stores and petco.com in 2026 and expanded kitten line. https://www.petfoodindustry.com/news-newsletters/pet-food-news/news/15824424/fussie-cat-launches-at-petco-stores-expands-kitten-line || WEAK FIT: wet and dry cat food, Valencia CA; only relevant for extruded cat kibble.",true,,true,,true,,,,,
Killer Brownie,https://killerbrownie.com,bakery,established_brand,,,,,Dayton,OH,retail_launch_news,Dorothy Lane Market-born brownie brand launched individually wrapped brownies at Target stores nationwide Nov 2025 via Irresistible Foods Group and discussed expansion plans in June 2026; https://www.bakemag.com/articles/20865-killer-brownie-officially-launching-at-target-stores-nationwide || WEAK FIT: owned by Dorothy Lane Market with its own bakery; overflow or second-source pitch only.,true,,true,,true,,,,,
My Better Batch,https://mybetterbatch.com,cookie,established_brand,Lindsay Hancock,Founder,,,,,target_forward_founders,"Clean-label cookie mix brand founded by a former KIND Snacks exec; Target Takeoff 2025 F&B cohort; launched at Costco and Target; June 25 2026 release reports 400%+ YoY growth and 3,000+ new points of distribution in Q1 2026 including Kroger, Albertsons, H-E-B, Giant Food, Hy-Vee and Harris Teeter (product is a dry cookie mix, not a baked cookie). https://www.nosh.com/pr/2026/06/25/womenowned-cookie-mix-my-better-batch-lands-kroger-albertsons-heb-and-hyvee-as-brand-posts-400-yearoveryear-growth and https://accelerators.target.com/alumni-stories/introducing-2025-takeoff-fb-brands-innovation-one-bite-at-a-time/ || WEAK FIT: product is a dry cookie mix, not a baked cookie; only relevant if the facility does dry blending and packaging.",true,,true,,true,,,,,
NoBaked Cookie Dough,https://nobakedcookiedough.com,cookie,emerging_brand,,,,,,,funding_news,"Ran a 2025 StartEngine equity crowdfunding campaign at a $9.03M valuation (target $124K-$618K) for marketing, hiring and working capital. https://kingscrowd.com/nobaked-cookie-dough-on-startengine-2025/ and https://pitchbook.com/profiles/company/462077-56 || WEAK FIT: refrigerated edible cookie dough, Nashville; facility bakes.",,true,,,,,,,,
Pet Honesty,https://www.pethonesty.com,pet_treat,established_brand,,,,,,,superzoo_2026,"Debuted Cat Squeezables at SUPERZOO 2026 (on Amazon/Chewy, Petco retail August 2026) and launched Brush Buddies cellulose-free dental chew. https://www.petage.com/pet-honesty-launches-cat-squeezables-bringing-science-backed-wellness-to-a-format-cats-love/ || WEAK FIT: supplement soft chews made in an SQF facility; not a baked treat.",true,,true,,true,,,,,
Rare Breed,https://rarebreedpet.com,pet_treat,established_brand,,,,,Minong,WI,chewy_new,"Link Snacks-backed 3-ingredient human-grade beef/pork treat brand launched at Chewy June 11 2026 after reaching 2,530 Walmart stores; launched May 2025. https://www.prnewswire.com/news-releases/rare-breed-launches-at-chewy-with-3-ingredient-human-grade-beef--pork-treats-302798018.html ; https://www.petfoodprocessing.net/articles/19862-new-dog-treat-brand-expands || WEAK FIT: hardwood-smoked meat treats, not baked; 2,530 Walmart stores so still a capacity story if the facility smokes or dehydrates meat.",true,,true,,true,,,,,
REAL Cookies,https://www.realcookiesco.com,cookie,established_brand,,,,,,,retail_launch_news,"Gluten-free, grain-free, plant-based cookie brand added to Sprouts Farmers Market shelves nationwide (2023). https://www.nosh.com/food-wire/2023/real-cookies-now-on-grocery-shelves-at-sprouts-farmers-market-nationwide/ || WEAK FIT: merged with Creations Foods in Jan 2026 into a vertically integrated platform (preparedfoods.com 131314); likely has its own manufacturing.",true,,,,true,,,,,
Rogue,https://roguesnacks.com,snack,established_brand,,,,,Los Angeles,CA,funding_news,"Science Inc.-backed protein chips and cookie/churro puffs brand raised $2.5M pre-seed (May 2026) and launched in 2,800 Walmart stores nationwide July 2026; https://www.businesswire.com/news/home/20260511369399/en/Rogue-Raises-$2.5M-and-Secures-Launch-in-2800-Walmart-Stores-Nationwide || WEAK FIT: extruded protein chips and puffs (roguesnacks.com), not baked goods; 2,800 Walmart stores.",true,true,true,,true,,,,,
Smalls,,pet_treat,established_brand,,,,,,,retail_launch_news,Cat-only fresh food brand launched shelf-stable lickable Licks cat treats and signed Phillips Pet Food & Supplies for wider distribution (shelf-stable treats are the co-pack opportunity). https://www.petage.com/cat-only-fresh-food-brand-smalls-launches-functional-lickable-shelf-stable-cat-treats/ ; https://www.petage.com/smalls-partners-with-phillips-pet-food-supplies-to-further-expand-distribution/ || WEAK FIT: fresh cat food; facility bakes.,,,true,,true,,,,,
Wuffes,https://wuffes.com,pet_treat,established_brand,,,,,,,petsmart_launch,"Soft-chew supplement brand launched full line in 1,300+ PetSmart stores June 2026 and later Pet Supermarket; added Allergy & Itch and Calming Chews in 2026 (supplement chews). https://www.petfoodindustry.com/pet-supplements-pro/supplements-supplier-brief/news/15828860/wuffes-launches-full-supplement-line-at-petsmart-stores || WEAK FIT: dog supplements, not treats.",true,,true,,true,,,,,
Elite Treats LLC,,pet_treat,emerging_brand,,,,,Boca Raton,FL,recall_news,"Recalled a lot of Elite Treats Chicken Chips for Dogs on Feb 24 2026 for potential Salmonella; candidate for a new manufacturing partner. https://www.fda.gov/safety/recalls-market-withdrawals-safety-alerts/elite-treats-llc-recalls-single-lot-chicken-chips-due-salmonella-contamination || Recalled a lot of Elite Treats Chicken Chips for Dogs 6 oz bags for Salmonella (FDA posting Feb 24 2026); sold to feed stores in AL, FL, GA, NC and SC. https://www.fda.gov/safety/recalls-market-withdrawals-safety-alerts/elite-treats-llc-recalls-single-lot-chicken-chips-due-salmonella-contamination",,,,,true,,,,,
Just Paw Naturals,,pet_treat,emerging_brand,,,,,,,retail_launch_news,"Dehydrated single-ingredient treat company actively seeking independent pet retailers, natural grocers, feed stores and distributors nationwide (Aug 20 2026). https://www.petfoodprocessing.net/articles/20812-natural-dog-treat-company-seeks-retail-expansion",,,,,true,,,,,
Lexington Bakes,https://lexingtonbakes.com,cookie,emerging_brand,Lex Evan,"Founder, CEO & Chef",,,Los Angeles,CA,expo_west_2026,Peanut Butter Chip Protein Cookie won the 2026 NEXTY Award (vegan category) at Expo West; brand sells on shelf at Erewhon (top-5 category brand in first year) and was a Foxtrot Up & Comers finalist. https://www.newhope.com/nexty-awards/lexington-bakes-wins-nexty-award-with-high-quality-ingredient-transparency and https://commercialbaking.com/emerging-established-brands-win-2026-nexty-awards/,,,,,true,,,,,
Rescue Treats,https://rescuetreats.dog,pet_treat,emerging_brand,Arron Jones-Williams,Founder,,,Jersey City,NJ,retail_launch_news,Minority-owned limited-ingredient small-batch treat brand expanding into independent pet specialty and boutique retail in 2026 with give-back model. https://www.petfoodindustry.com/news-newsletters/pet-food-news/news/15818750/rescue-treats-expands-premium-treat-brand-supporting-rescue-shelters,,,,,true,,,,,
Terranean,,snack,emerging_brand,Tina Chamoun,Founder,,,Cleveland,OH,retail_launch_news,"Cleveland women-owned Lebanese-American snack brand launched Avocado Oil baked pita chips at World Market in June 2026 alongside Fresh Thyme, Heinen's, Festival Foods and Sendik's distribution; https://www.nosh.com/pr/2026/05/05/terranean-expands-with-avocado-oil-pita-chips-and-national-retail-presence",,,true,,true,,,,,
The Graceful Cookie Co.,https://thegracefulcookie.com,cookie,emerging_brand,David Dodson,Baker & Owner,,,Vallejo,CA,sweets_snacks_2026,"Strawberry Milkshake Cookie won the Baked Goods category of the 2026 Most Innovative New Product Awards at Sweets & Snacks Expo (Las Vegas, May 18-21, 2026), beating ~500 entries; brand site has a 'Camshell Retail' page. https://www.bakemag.com/articles/21764-the-graceful-cookie-cos-strawberry-milkshake-cookie-wins-innovative-product-award-at-sweets-and-snacks-expo and https://sweetsandsnacks.com/sweets-snacks-expo-announces-2026-most-innovative-new-product-awards-winners/ || Strawberry Milkshake Cookie won the Baked Goods category of the 2026 Sweets & Snacks Expo Most Innovative New Product Awards; https://sweetsandsnacks.com/sweets-snacks-expo-announces-2026-most-innovative-new-product-awards-winners/",,,,,true,,,,,
ChunkyFit,https://chunkyfitcookie.com,bakery,emerging_brand,,,,,Austin,TX,amazon_dtc,Veteran-founded soft-baked protein cookie brand reformulated its full line in Feb 2026; $500K+ DTC sales in 2025 with 80+ retail doors incl. Scheels and GNC franchises and is eyeing retail expansion; https://www.nosh.com/pr/2026/02/16/veteranfounded-chunkyfit-unveils-new-protein-cookie-recipe-with-coconut-oil-and-collagen-eyes-retail-expansion,,,,,true,,,,,
HighKey,,cookie,established_brand,,,,,,,amazon_dtc,"Keto-friendly sugar-free, gluten-free sandwich cookies and mini cookies cited among the most popular protein/keto cookie brands on Amazon in 2026. https://barbend.com/best-protein-cookies/",,,,,,,,,,
Jamie's Farm,https://jamies-farm.com,bakery,emerging_brand,Jamie Kim,Founder & Owner,,,,,fancy_food_2026,Ghee-baked granola brand won a 2026 sofi Gold Award for Chai Streusel Granola and expanded across Whole Foods Market's Northeast region; https://www.specialtyfood.com/news-media/news-features/member-press-releases/jamie%E2%80%99s-farm-granola-expands-across-the-northeast-region-with-whole-foods-market/,,,,,true,,,,,
Jones Natural Chews,,pet_treat,established_brand,,,,,,,superzoo_2026,Featured natural US-sourced dog treats at SUPERZOO 2026 per Modern Dog must-see list. https://moderndogmagazine.com/articles/superzoo-2026-dog-products/,,,,,,,,,,
Kel's Kitchen Table,https://kelskitchentable.com,bakery,emerging_brand,Kelsey Bross,Founder,,,,NJ,fancy_food_2026,"Nut-butter-based granola brand founded 2023 is listed as a 2026 Summer Fancy Food Show exhibitor and has grown from cottage production to regional retail across NJ and NYC (Pop-Up Grocer, Butterfield Market, Westside Market); https://events.specialtyfood.com/event/2026-summer-fancy-food-show/exhibitor/RXhoaWJpdG9yXzI0MzA5Mjc=",,,,,true,,,,,
Last Crumb,,cookie,established_brand,,,,,Los Angeles,CA,funding_news,"Luxury DTC cookie brand (weekly drops, waitlist) closed a $3M seed round led by Electric Feel Ventures with Chetrit Ventures, David Grutman and others; dozen core cookies plus limited editions. https://www.bakingbusiness.com/articles/56770-luxury-cookie-brand-raises-3-million-in-seed-funding and https://www.foodbusinessnews.net/articles/21727-last-crumb-closes-3-million-seed-round",,,,,,,,,,
New Grains Gluten Free Bakery,,bakery,emerging_brand,,,,,Spanish Fork,UT,recall_news,"Class I FDA recall (announced May 9 2025) of gluten-free chocolate chip, frosted sugar, coconut macaroon and brownie chocolate chip cookies plus breads and bagels for undeclared egg, milk, soy and tree nuts caused by unreadable label printing; sold through Utah retail stores. https://www.fda.gov/safety/recalls-market-withdrawals-safety-alerts/new-grains-gluten-free-bakery-issues-allergy-alert-undeclared-eggs-tree-nuts-soy-and-milk-bakery",,,,,true,,,,,
Nulo,,pet_treat,established_brand,,,,,,,superzoo_2026,Displayed Freestyle Perfect Purees lickable treats at SUPERZOO 2026 per Pet Food Processing trends recap. https://www.petfoodprocessing.net/articles/20816-top-pet-food-treat-trends-from-superzoo-2026,,,,,,,,,,
RAWZ Natural Pet Food,,pet_treat,established_brand,,,,,,,award_news,RAWZ Freeze-Dried Cat Treats named Best Crunchy Cat Treat in PEOPLE Magazine awards (Jan 2026). https://www.petfoodprocessing.net/articles/19992-treat-brands-recognized-by-people-magazine,,,,,,,,,,
Snack Innovations Inc.,,snack,established_brand,,,,,Piscataway,NJ,job_posting,"Posted a Production Manager role in Aug 2026 described as fast-growth snack CPG, leading daily manufacturing operations. https://www.jobleads.com/us/job/production-manager-fast-growth-snack-cpg--piscataway-township--e7fd8d72f653d2359eb9bc41d5af8b0b5",,,,true,,,,,,
Stars + Honey,,snack,established_brand,Daniel Rainey,CEO,,,,,funding_news,"Collagen protein bar brand (founded 2023) raised $24M growth equity led by VMG Partners in June 2026 to fund national retail expansion and a new 60,000 sq ft facility; ~$50M revenue expected in 2026 after 300% growth; https://www.businesswire.com/news/home/20260609905143/en/Stars-Honey-Secures-Growth-Equity-Investment-Led-by-VMG-Partners-to-Accelerate-National-Expansion",,true,,,,,,,,
Sweet Loren's,,cookie,established_brand,,,,,,,funding_news,Cookie dough brand named to the 2025 Inc. 5000 list of America's fastest-growing private companies. https://www.inc.com/inc5000/2025,,,,,,,,,,
TDBBS LLC,,pet_treat,established_brand,,,,,,,recall_news,"Voluntarily recalled 3,551 bags of Green Tripe dog treats in 2026 for potential foreign metal objects. https://www.fda.gov/safety/recalls-market-withdrawals-safety-alerts/tdbbs-llc-recalls-green-tripe-dog-treats-due-potential-foreign-metal-object-contamination",,,,,,,,,,
Once Again,,bakery,established_brand,,,,,,,expo_west_2026,Nut butter maker's Chocolate & Peanut Butter Graham Sandwiches were a 2026 NEXTY finalist in Sweet Snacks & Desserts (a baked category extension outside its core nut-butter production); https://www.snackandbakery.com/articles/115174-expo-wests-nexty-awards-reveals-2026-finalists,,,,,,,,,,
Arctic Chews,,pet_treat,emerging_brand,,,,,,,amazon_dtc,Single-ingredient wild-caught Icelandic cod skin chip treats listed among Amazon single-ingredient sellers. https://iheartdogs.com/top-dog-treats-that-own-amazons-best-seller-list/,,,,,,,,,,
Ava's Pet Palace,https://avaspetpalace.com,pet_treat,emerging_brand,Ava Dorsey,Founder,,,Chicago,IL,expo_west_2026,Organic limited-ingredient dog and cat treats; exhibited at Natural Products Expo West per March 2026 FoodNavigator piece; has a Wefunder raise page and debuted USDA organic treats at Global Pet Expo. https://www.foodnavigator.com/Article/2026/03/16/from-niche-to-norm-limited-ingredient-pet-treats-take-off/,,,,,,,,,,
BellePepper Cats,,pet_treat,emerging_brand,,,,,,,recall_news,Cat treat brand whose freeze-dried treats were made by Foodynamics and recalled Oct 2025 for Salmonella; Foodynamics ceased production. https://www.fda.gov/safety/recalls-market-withdrawals-safety-alerts/correction-foodynamics-recalls-raw-dog-barkery-bellepepper-cats-and-kanu-pets-brand-freeze-dried-pet,,,,,,,,,,
Boops Pets,,pet_treat,emerging_brand,,,,,,,product_launch_news,Launched KSM-66 Ashwagandha Calming Soft Chews for dogs in 2026 (supplement soft chew format). https://www.petfoodindustry.com/news-newsletters/pet-food-news/news/15820673/boops-pets-launches-ashwagandha-calming-chews-for-dogs,,,,,,,,,,
Chewco,,cookie,emerging_brand,,,,,,,expo_west_2026,Made its first-ever Expo West appearance in 2026 at Booth #2098A Hall B showcasing a lineup including an Ube Mochi Cookie (announced via texture-maker.com; verify US headquarters). https://www.texture-maker.com/en-us/news/71-2026-Natural-Expo-West-Chewco,,,,,,,,,,
Coley's Foods Inc.,,cookie,emerging_brand,Nicole O'Hara,Founder,,,Boerne,TX,heb_quest_texas_best,"Founded 2025; gluten-free, dairy-free, refined-sugar-free frozen ready-to-bake cookie dough; named one of 10 finalists in H-E-B's 2025 Quest for Texas Best (from 978 entries). https://theshelbyreport.com/2025/08/29/h-e-b-names-10-finalists-in-annual-quest-for-texas-best-competition/ and https://www.kens5.com/article/news/local/heb-finalists-entrepreneurs-barbacoa-cookies-sausage-grocery-store-contest-best-texas-quest/273-d9558356-9ceb-42f9-bd7c-b0ea8a4e1a33",,,,,,,,,,
Dogginstix,,pet_treat,emerging_brand,,,,,,,award_news,Awarded Dog Treat Natural Product of the Year in the 2026 Pet Innovation Awards. https://www.globenewswire.com/news-release/2026/08/06/3340190/0/en/Top-Pet-Innovators-Recognized-in-2026-Pet-Innovation-Awards.html,,,,,,,,,,
"DogNip (Dog Nip, Inc.)",https://dognip.com,pet_treat,emerging_brand,,,,,,,global_pet_expo_2026,"Second-generation family-owned company launched single-ingredient novel-protein (goose, camel, goat) chews at Global Pet Expo 2026 booth #2485. https://www.petfoodprocessing.net/articles/20063-dog-nip-introduces-novel-protein-dog-chews",,,,,,,,,,
Flavr Cookies,,cookie,emerging_brand,,,,,,,target_forward_founders,Listed among Target Forward Founders cohort brands: cookie bakery offering community-created flavors or build-your-own (verify packaged product vs. bakery model). https://accelerators.target.com/alumni-stories/target-forward-founders-alumni/,,,,,,,,,,
Gina Marie Bakery,,cookie,emerging_brand,,,,,,,recall_news,"Announced a voluntary recall of various cookie products on Sept 10 2026 for possible undeclared almonds, sesame and food colorings (Red 40, Red 3, Blue 1, Yellow 5, Yellow 6). https://www.newsweek.com/cookie-recall-fda-threat-life-warning-gina-marie-bakery-allergy-2128228",,,,,,,,,,
HOLY CAP,,pet_treat,emerging_brand,,,,,,,crowdfunding,"Kickstarter for lickable treats for cats and dogs, updated May 29 2026. https://www.kickstarter.com/projects/holycap/holy-cap-honest-lickable-treats-for-better-pet-nutrition",,,,,,,,,,
Honest to Goo,,pet_treat,emerging_brand,,,,,,,award_news,Named Dog Treat Chews Product of the Year in the 2026 Pet Innovation Awards. https://www.globenewswire.com/news-release/2026/08/06/3340190/0/en/Top-Pet-Innovators-Recognized-in-2026-Pet-Innovation-Awards.html,,,,,,,,,,
Idaho Barkery,,pet_treat,emerging_brand,,,,,,ID,superzoo_2025,Your Brand on a Dog Treat took 2nd place in the dog category at SUPERZOO 2025 New Product Showcase awards. https://petsplusmag.com/see-which-brands-won-superzoo-new-product-showcase-awards/,,,,,,,,,,
Kaiivo,https://kaiivopets.com,pet_treat,emerging_brand,,,,,,,amazon_dtc,Newer wellness-focused brand of single-ingredient freeze-dried and plant-powered treats selling online. https://kaiivopets.com/blogs/natural-feeding/best-selling-dog-treats-for-2026-top-picks,,,,,,,,,,
Kanu Pets,,pet_treat,emerging_brand,,,,,,,recall_news,Brand whose Foodynamics-made freeze-dried treats were recalled Oct 2025 for Salmonella after co-packer halted production. https://www.nasc.cc/news/news-foodynamics-recalls-freeze-dried-pet-treats-salmonella-risk/,,,,,,,,,,
Mooski,,snack,emerging_brand,,,,,,,funding_news,Chilled oat bar brand founded 2022 raised $1.5M in 2025 specifically to scale bar production amid a second consecutive year of triple-digit growth; https://www.nosh.com/news/2025/mooski-secures-1-5-million-to-scale-chilled-oat-bar-production-amid-triple-digit-growth/,,true,,,,,,,,
My Cookie Dealer,,cookie,emerging_brand,,,,,,,amazon_dtc,Smaller protein cookie brand selling variety packs on Amazon with 15-17g protein per individually wrapped cookie. https://www.amazon.com/Protein-Cookies/s?k=Protein+Cookies,,,,,,,,,,
Natoo,,pet_treat,emerging_brand,,,,,,,award_news,Natoo Crunchy Biscuits named Best Peanut Butter Dog Treat in PEOPLE Magazine pet product awards announced January 2026. https://www.petfoodindustry.com/news-newsletters/pet-food-news/news/15775153/people-magazine-names-best-new-pet-treats,,,,,,,,,,
Natural Farm,https://naturalfarmpet.com,pet_treat,emerging_brand,,,,,,,global_pet_expo_2026,Cold-Dried Bully Sticks won Dog Treat Innovation of the Year in 2026 Pet Innovation Awards; published Global Pet Expo 2026 trends recap. https://www.manilatimes.net/2026/08/20/tmt-newswire/globenewswire/natural-farm-cold-dried-bully-sticks-awarded-dog-treat-innovation-of-the-year-in-2026-pet-innovation-awards/2409203,,,,,,,,,,
OnePaw Co.,,pet_treat,emerging_brand,,,,,,,crowdfunding,Ran a Kickstarter for dog treats with a buy-a-bag feed-a-dog model. https://www.kickstarter.com/projects/onepawco/onepaw-co-dog-treats-buy-a-bag-feed-a-dog-for-a-da,,,,,,,,,,
Raw Dog Barkery,,pet_treat,emerging_brand,,,,,,,recall_news,"Freeze-dried treats made by co-packer Foodynamics (Wales WI) recalled Oct 2025 for Salmonella; Foodynamics ceased production, leaving brand needing a manufacturer. https://www.petfoodindustry.com/safety-quality/pet-food-recalls/news/15769098/foodynamics-foodynamics-recalls-freezedried-treats-for-potential-salmonella",,,,,,,,,,
The Protein Bakery,https://proteinbakery.com,cookie,emerging_brand,,,,,,,amazon_dtc,DTC protein cookie/brownie brand with a dedicated protein cookies collection on its own site. https://proteinbakery.com/collections/cookies,,,,,,,,,,
Toto Soft-Baked Protein Cookies,,cookie,emerging_brand,,,,,,,amazon_dtc,"Cited among the most popular protein cookie brands on Amazon in 2026: soft-baked protein cookies with whole-food ingredients, no artificial sweeteners, S'mores flavor with 8g protein. https://barbend.com/best-protein-cookies/ and https://www.amazon.com/Best-Sellers-Sports-Nutrition-Cookies-Brownies/zgbs/hpc/6973687011",,,,,,,,,,
Tubby's Taste,,cookie,emerging_brand,,,,,,,target_forward_founders,"Listed among Target Forward Founders cohort brands: boldly-flavored Jamaican-inspired vegan cookies free of soy, preservatives and nuts (excluding coconut). https://accelerators.target.com/alumni-stories/target-forward-founders-alumni/",,,,,,,,,,
Wandel Cookies,,cookie,emerging_brand,,,,,,,fancy_food_2026,"Highlighted as a new cookie brand at the 2026 Summer Fancy Food Show (NYC, June 2026): mandelbread-inspired cookies from a minority women-owned company. https://somminthecity.com/16936-2/",,,,,,,,,,
Yak9 Chews,,pet_treat,emerging_brand,,,,,,,global_pet_expo_2026,"Debuted Yak-A-Bone digestible chew in Cheese, Peanut Butter and Pumpkin with Postbiotics flavors at Global Pet Expo 2026. https://pet-insight.com/article/global-pet-expo-takeaways-dog-chews-and-treats/",,,,,,,,,,
You're a Cookie LLC,,cookie,emerging_brand,,,,,,,fancy_food_2026,"Take & Bake Oatmeal Blueberry Cookie Dough (Michigan-grown blueberries, six pre-portioned cookies per resealable pouch) named a 2026 sofi Award finalist in Sweet Snacks after exhibiting at the 2025 Summer Fancy Food Show. https://www.specialtyfood.com/news-media/news-features/member-press-releases/you%E2%80%99re-a-cookie-announced-as-sofi%E2%84%A2-award-finalist-by-the-specialty-food-association/",,,,,,,,,,
Zookies Cookies,,pet_treat,emerging_brand,Justin Miller,Co-founder,,,,,shark_tank,Bake-at-home dog treat mix brand (Shark Tank deal with Alli Webb) reported revenue exceeding $4M as of 2025. https://www.sharktankblog.com/business/zookies-cookies/,,,,,,,,,,
Big Grove Brewery,https://biggrove.com,pet_treat,non_food_brand_extension,,,,,Iowa City,IA,brand_extension,"Brewery sells packaged Spent Grain Dog Treats (whole wheat flour, oats, spent grain, canola oil) baked by Woofables Bakery in Coralville; launch date not shown in results. https://biggrove.com/products/spentgraindogtreats",,,,,,,,,,
Dar Baklava,,bakery,emerging_brand,,,,,,,target_forward_founders,Middle Eastern baklava in snackable formats named in the Target Forward Founders 2025 cohort; https://accelerators.target.com/alumni-stories/meet-target-forward-founders-2025/,,,,,,,,,,
For Good Granola,https://forgoodgranola.com,bakery,emerging_brand,Kiley Fields,Chef + Founder,,,Chicago,IL,fancy_food_2026,Chicago woman-owned buckwheat granola brand (founded 2021) exhibited at the 2026 Summer Fancy Food Show and Good Food Mercantile with its 2026 Good Food Award-winning Original Blend; https://www.specialtyfood.com/news-media/news-features/member-press-releases/for-good-granola-returns-to-the-fancy-food-show-and-exhibits-at-good-food-mercantile-with-2026-good/,,,,,,,,,,
Moonbeans,https://moonbeans.rocks,bakery,emerging_brand,Tully Mcloughlin,Co-founder,,,,,target_forward_founders,Chickpea (no-oat) granola brand in the Target Forward Founders 2025 cohort; moved into a commercial kitchen in 2024 and began shipping nationwide in 2025; https://accelerators.target.com/alumni-stories/meet-target-forward-founders-2025/,,,,,,,,,,
MsPs'GFree,,bakery,emerging_brand,,,,,,,target_forward_founders,Gluten-free snack brand focused on gluten-free granola named in the Target Forward Founders 2025 cohort; https://accelerators.target.com/alumni-stories/meet-target-forward-founders-2025/,,,,,,,,,,
Please & Thank You,,bakery,emerging_brand,,,,,,,expo_west_2026,Chocolate Chip Cookie Dough was named a 2026 NEXTY Award finalist at Expo West; https://www.snackandbakery.com/articles/115174-expo-wests-nexty-awards-reveals-2026-finalists,,,,,,,,,,
Seattle Dog Boarding,,pet_treat,non_food_brand_extension,Pete O'Neil,Founder,,,Seattle,WA,brand_extension,Dog daycare and grooming business plans to roll out a new healthy dog treats line in 2026 after two years of taste tests with customers' dogs. https://www.newswire.com/news/2026-to-be-growth-year-in-usa-dog-care,,,,,,,,,,
Soul Grain,,bakery,emerging_brand,,,,,St. Paul,MN,target_forward_founders,"St. Paul MN Black-owned granola brand with Black-diaspora flavors (Sweet Potato Casserole, Banana Pudding) selected for Target Forward Founders Cohort 5; https://accelerators.target.com/alumni-stories/introducing-target-forward-founders-cohort-5/",,,,,,,,,,
Stellar Granola,,bakery,emerging_brand,Emily Knapp,Co-founder,,,Chicago,IL,target_forward_founders,"Chicago women-owned allergen-friendly (GF, vegan, nut-free) granola brand selected for Target Forward Founders Cohort 5; https://accelerators.target.com/alumni-stories/introducing-target-forward-founders-cohort-5/",,,,,,,,,,
Top Seedz,https://topseedz.com,bakery,emerging_brand,Rebecca Brady,Founder and CEO,,,Buffalo,NY,fancy_food_2026,Buffalo NY seed-cracker maker (founded 2017) won 2026 sofi Product of the Year at Winter FancyFaire for its Bake-At-Home Seed Crackers; https://commercialbaking.com/top-seedz-wins-sofi-awards-product-of-the-year/,,,,,,,,,,
CHARM,,pet_food,emerging_brand,,,,,,,product_launch_news,New pet food brand CHARM launched a kibble line per PetfoodIndustry. https://www.petfoodindustry.com/pet-food-market/news/15772447/charm-pet-food-new-pet-food-brand-charm-launches-kibble-line,,,,,,,,,,
Kingpin Kibble,,pet_food,emerging_brand,,,,,,,superzoo_2025,Early-stage kibble brand with irreverent branding featured in SUPERZOO 2025 New Product Showcase. https://pawprint.digital/p/pet-industry-trends-proactive-data-convenience,,,,,,,,,,
