score,company,website,category,segment,contact_name,contact_title,city,state,source,score_reasons,notes
76,Mightylicious Gluten Free,mightylicious.com,cookie,established_brand,Carolyn Haeler,Founder and CEO,,NJ,retail_launch_news+expo_west_2026,category cookie (+20); segment established_brand (+16); sells_wholesale (+8); in_national_retail (+12); recent_funding (+10); recent_retail_launch (+10),"Aug 13 2026 press release: expanded national retail distribution to nearly 1,100 stores (already at Walmart, Costco, Whole Foods, Fairway, King's, Price Chopper); Sept 25 2026 launched a capital raise on Republic to fund Wakefern/Wegmans expansion, DTC and 'full vertical integration of its supply chain'; new thicker crispier cookie formula shipped June 2026. https://www.nosh.com/pr/2026/08/13/awardwinning-mightylicious-gluten-free-expands-national-retail-distribution-across-leading-grocery-chains and https://www.nosh.com/pr/2026/09/25/mightylicious-gluten-free-launches-capital-raise-on-republic-to-fuel-national-retail-expansion-and-supply-chain-integration || NJ gluten-free cookie and brownie-mix brand exhibited at Expo West 2026 (Booth N2336) and announced expanded national retail distribution across leading grocery chains in Aug 2026; https://www.nosh.com/pr/2026/08/13/awardwinning-mightylicious-gluten-free-expands-national-retail-distribution-across-leading-grocery-chains || Contact source: https://njbiz.com/nj-gluten-free-cookie-brand-mightylicious-expands-nationwide/ | No ops lead surfaced (press says she runs it on her own); NOTE Sept 2026 Republic raise is to fund 'supply chain integration' (nosh.com) - check whether they plan to internalize production"
74,cadootz!,cadootz.com,bakery,established_brand,Rachel Mansfield,Co-founder and Co-CEO,Millburn,NJ,funding_news,category bakery (+18); segment established_brand (+16); sells_wholesale (+8); in_national_retail (+12); recent_funding (+10); recent_retail_launch (+10),"Organic kids cheese-cracker brand raised $3M+ seed led by Selva Ventures (April 2026) and launched in 2,000+ Target stores nationwide as its first retail partner in June 2026; https://www.prnewswire.com/news-releases/breakout-kids-snack-brand-cadootz-secures-3m-seed-funding-to-scale-nationwide-retail-expansion-302736104.html || Contact source: https://www.foodbusinessnews.net/articles/30178-seed-funding-to-push-cadootz-into-retail | Co-founder and Co-CEO Jordan Carpenter (https://www.linkedin.com/in/jordan-carpenter-03934326/); third co-founder Kiva Dickinson (Selva Ventures). Product is organic kids crackers, not cookies"
66,Bakeful,https://bakeful.com,cookie,established_brand,Tony Davis,CEO and Founder,,NY,retail_launch_news,category cookie (+20); segment established_brand (+16); sells_wholesale (+8); in_national_retail (+12); recent_retail_launch (+10),"Emerging clean-label sweet baked snack brand launched nationwide at Target stores and Target.com in April 2026 with mini donuts, mini muffins and Target-exclusive Brownieful mini brownies (baked goods, not cookies; included as adjacent lead). https://www.nosh.com/pr/2026/04/23/bakeful-debuts-sweet-baked-snacks-at-target-nationwide-including-exclusive-new-brownieful-mini-brownies || New York-based Bakeful launched mini muffins and Target-exclusive Brownieful mini brownies nationwide in April 2026 and expanded to a seven-SKU lineup in all 50 states by July 2026; https://www.nosh.com/pr/2026/07/07/bakeful-expands-its-target-assortment-with-more-betterforyou-favorites-including-exclusive-brownieful-mini-brownies || STRONG FIT: mini muffins and mini donuts at Target, Walmart, HEB, Safeway, Ralphs, ShopRite (bakeful.com). Verified 2026-09-28. || Contact source: https://www.linkedin.com/in/123tonydavis/ | No ops lead surfaced in search; Target nationwide (mini donuts, muffins, brownies), 4,000+ doors"
66,Brune Kitchen,https://brunekitchen.com,cookie,established_brand,Tania Sweis,Founder,,,retail_launch_news,category cookie (+20); segment established_brand (+16); sells_wholesale (+8); in_national_retail (+12); recent_retail_launch (+10),"Women-owned, BIPOC-founded clean-label cookie brand; Chocolate Chip and Peanut Butter Chunk cookies launched nationwide in the refrigerated section at Sprouts Farmers Market (April 30 2025 release). https://www.nosh.com/pr/2025/04/30/brune-kitchen-launches-nationwide-at-sprouts-farmers-market || STRONG FIT: soft-baked organic gluten-free vegan cookies at Sprouts and Erewhon; founders Tania and Jahan; public email hello@brunekitchen.com (brunekitchen.com/pages/about-us)."
66,Dog Treat Naturals,dogtreatnaturals.com,pet_treat,established_brand,Trevor Cronin,Founder and Chief Operating Officer,,,retail_launch_news,category pet_treat (+20); segment established_brand (+16); sells_wholesale (+8); in_national_retail (+12); recent_retail_launch (+10),"Functional treat brand signed distributor John A. Van Den Bosch for Midwest/Ohio Valley pet specialty expansion; also listed at Target.com. https://www.petfoodprocessing.net/articles/20634-dog-treat-naturals-expands-distribution-with-van-den-bosch || Contact source: https://www.linkedin.com/in/trevor-cronin-29bb15139/ | Co-founded 2020, St. Louis; limited-ingredient treats; Ryan Jones is VP Sales and Marketing"
66,MOSH,https://moshlife.com,snack,established_brand,"Jeffrey Gamsey, JD",President and Chief Operating Officer,Los Angeles,CA,funding_news,category snack (+10); segment established_brand (+16); sells_wholesale (+8); in_national_retail (+12); recent_funding (+10); recent_retail_launch (+10),"Brain-health bar brand raised $13M Series A led by Main Street Advisors (May 2026) to fund national grocery expansion, an upcoming nationwide Target rollout and a new 20g MOSH High Protein bar; 2,000+ retail doors; https://www.nosh.com/news/2026/mosh-raises-13m-to-scale-brain-health-bar-brand-launch-high-protein-line || MODERATE FIT: protein bars (not baked); rebranded 2026; confirm whether the facility runs bars. || Contact source: https://theorg.com/org/moshlife/org-chart/jeffrey-gamsey-jd | First employee; ran launch and scaling operations; formerly SVP & GM Private Brands at Boxed"
66,PawCo,https://www.mypawco.com,pet_treat,established_brand,Mahsa Vazin,Founder (former Impossible Foods lead food scientist),,,chewy_new,category pet_treat (+20); segment established_brand (+16); sells_wholesale (+8); in_national_retail (+12); recent_retail_launch (+10),"Plant-based functional treats (InstaBites, Magic Bars, Magic Cookies) and dog food launched on Chewy June 17 2026; raised $2M in 2024. https://www.petage.com/science-backed-dog-nutrition-pawco-retail-chewy/ || STRONG FIT: Magic Cookie crunchy dog biscuits in five variations, launched 2025 (prnewswire 302535907); also fresh meals. || Contact source: https://www.businesswire.com/news/home/20240229917765/en/AI-Powered-Plant-Based-Dog-Food-Brand-PawCo-Raises-$2M-to-Scale-Its-Operations | Plant-based dog food incl. shelf-stable InstaBites; former Impossible Foods scientist"
66,Three Dog Brands (Three Dog Bakery),threedog.com,pet_treat,established_brand,Kristi Ross,CEO,,,superzoo_2026+brand_extension,category pet_treat (+20); segment established_brand (+16); sells_wholesale (+8); in_national_retail (+12); recent_retail_launch (+10),Unveiled seven new treat products at SUPERZOO 2026 and eight at Global Pet Expo 2026; Bark'n Crunch Chicken Chips expanded to Walmart stores May 2026 and brand entered PetSmart. https://www.petfoodprocessing.net/articles/20760-three-dog-brands-to-unveil-slew-of-new-products-during-superzoo-2026 ; https://www.petage.com/three-dog-bakery-barkn-crunch-chicken-chips-walmart/ || Unveiling new Small Dog Lick'n Crunch and Small Dog Mini Mutts Cookie Trio baked sandwich cookies at SUPERZOO 2026 with shelves planned for early 2027. https://www.petfoodprocessing.net/articles/20760-three-dog-brands-to-unveil-slew-of-new-products-during-superzoo-2026 || Contact source: https://www.businesswire.com/news/home/20240306687605/en/Three-Dog-Brands-LLC-Appoints-Seasoned-Executive-Kristi-Ross-as-New-CEO | Topspin Consumer Partners portfolio company; premium all-natural made-in-USA baked treats
66,Woof (Pupsicle),https://mywoof.com,pet_treat,established_brand,Daniel Haarburger,CEO and Founder,,,petsmart_launch,category pet_treat (+20); segment established_brand (+16); sells_wholesale (+8); in_national_retail (+12); recent_retail_launch (+10),"Pupsicle, Refill Pupsicle Pops and Treat Trays launched in PetSmart stores nationwide and PetSmart.com. https://www.petfoodindustry.com/pet-food-marketing-and-branding/news/15708783/woof-expands-retail-presence-with-petsmart-launch || MODERATE FIT: sells treat refills for the Pupsicle toy (mywoof.com), Denver CO; the refill is the product to pitch. || Contact source: https://www.linkedin.com/in/daniel-haarburger-37321832/ | Inc. 5000 2026; launched Pupsicle Pops and Soft Chews consumables line (PR Newswire 2024)"
64,Elavi,elavi.co,bakery,established_brand,Michelle Razavi,Co-Founder and CEO,Los Angeles,CA,retail_launch_news,category bakery (+18); segment established_brand (+16); sells_wholesale (+8); in_national_retail (+12); recent_retail_launch (+10),"Los Angeles-based protein brownie brand went national at Whole Foods Market and crossed 1,000 retail doors with a 114-store Wegmans launch in April 2026; https://www.nosh.com/pr/2026/04/09/elavi-crosses-1000-retail-doors-with-wegmans-launch-bringing-clean-protein-brownies-to-the-northeast || Contact source: https://soapboxinc.medium.com/small-business-spotlight-elavi-a5cfa6b60256 | Co-founder Nikki Elliott, CPA (Co-Founder; finance). Products: collagen protein bars, dessert cashew butters, cookie dough; Costco and Amazon"
64,LL's Kitchen,llskitchen.com,bakery,established_brand,Lindsey Mifsud,Founder,,CA,retail_launch_news,category bakery (+18); segment established_brand (+16); sells_wholesale (+8); in_national_retail (+12); recent_retail_launch (+10),Bay Area olive-oil granola brand's first national retail launch placed three SKUs in Sprouts' main granola set across 487+ stores in June 2026; https://www.nosh.com/pr/2026/06/09/lls-kitchen-announces-firstever-national-retail-launch-of-betterforyou-granola-in-487-sprouts-farmers-market-locations || Contact source: https://www.linkedin.com/in/lindsey-mifsud-646067a8/ | Granola; national launch in 487+ Sprouts stores June 2026
64,Seven Sundays,sevensundays.com,bakery,established_brand,Hannah Barnstable,Founder + CEO,Minneapolis,MN,expo_west_2026,category bakery (+18); segment established_brand (+16); sells_wholesale (+8); in_national_retail (+12); recent_retail_launch (+10),"Showcased new granola with freeze-dried fruit and oat cakes at Expo West 2026 and Bright Side Triple Berry Granola was a 2026 NEXTY finalist; expanded ~10,000 doors (Target, Walmart, Kroger, Costco) but note it acquired manufacturing partner Birch Packaging; https://www.snackandbakery.com/articles/115174-expo-wests-nexty-awards-reveals-2026-finalists || Contact source: https://www.linkedin.com/in/hannah-barnstable-8a414b4/ | B Corp; granola/muesli/oatcakes in Whole Foods, Sprouts, Costco, Target"
62,Kismet,https://kismetpets.com,pet_food,established_brand,Mathé Young Mosny,Co-founder and CEO,,,petsmart_launch,category pet_food (+16); segment established_brand (+16); sells_wholesale (+8); in_national_retail (+12); recent_retail_launch (+10),"Chrissy Teigen and John Legend gut-health dog food brand expanded to PetSmart stores and entered pet specialty retail for the first time in 2026. https://www.petage.com/chrissy-teigen-john-legend-gut-health-kismet-petsmart-stores/ ; https://www.petfoodprocessing.net/articles/20931-kismet-enters-pet-specialty-retail-stores-for-first-time || MODERATE FIT: extruded kibble and toppers (PetSmart, Chewy); only relevant if the facility runs extrusion. || GOOD FIT for treats: sells two treat flavors alongside kibble (kismetpets.com); PetSmart and Chewy national; pitch the treat line, not the kibble. || Contact source: https://www.petfoodindustry.com/news-newsletters/pet-food-press-releases/press-release/15670217/chrissy-teigen-and-john-legend-launch-new-pet-lifestyle-brand | Operating CEO (not the celebrity founders); brand sells dog food and treats at Chewy and pet specialty"
62,Open Farm,https://openfarmpet.com,pet_food,established_brand,Stéphanie Lachance-Coward,"Vice President, Operations",,,petsmart_launch,category pet_food (+16); segment established_brand (+16); sells_wholesale (+8); in_national_retail (+12); recent_retail_launch (+10),"Brought full portfolio (dry, wet, freeze-dried, treats, supplements) to nearly 1,700 PetSmart stores beginning June 2026. https://www.petfoodprocessing.net/articles/20559-open-farm-makes-its-debut-in-petsmart-stores-nationwide || MODERATE FIT: large brand with treats in its portfolio; long cycle, likely has incumbent co-manufacturers; second-source pitch. || Contact source: https://theorg.com/org/open-farm | Also listed: Hugh Underwood, Chief Supply Chain Officer; Open Farm uses external manufacturers (job posting says a Senior Manager reports to VP Ops managing day-to-day with co-manufacturers)"
58,Natural Balance Pet Foods,naturalbalanceinc.com,pet_treat,established_brand,Billy Slaughter,"VP, Quality and Regulatory Affairs",,,brand_extension,category pet_treat (+20); segment established_brand (+16); in_national_retail (+12); recent_retail_launch (+10),"Introduced Yo-Gut Bites, a new line of oven-baked digestive-health dog treats, among new products at Global Pet Expo in March 2026. https://www.naturalbalanceinc.com/news-room/new-products-2026/ || Contact source: https://theorg.com/org/j-m-smucker-natural-balance/teams/leadership-team | No VP Operations / Supply Chain / Innovation surfaced in two searches; closest named exec on supplier-facing side. CEO Brian Connolly also listed on same page"
58,WellJoy,https://welljoy.com,pet_treat,established_brand,,,,,superzoo_2025,category pet_treat (+20); segment established_brand (+16); in_national_retail (+12); recent_retail_launch (+10),Kent Worldwide's new dual-benefit functional treat and supplement brand debuted at SUPERZOO 2025; now on Chewy and Amazon with more retail partners planned. https://www.petfoodprocessing.net/articles/19585-new-pet-wellness-brand-debuts-at-superzoo-2025
56,Bocce's Bakery,boccesbakery.com,pet_treat,established_brand,Wendy Wen,"Founder and CEO, Antelope (parent of Bocce's Bakery)",,,global_pet_expo_2026,category pet_treat (+20); segment established_brand (+16); sells_wholesale (+8); in_national_retail (+12),Showed new Protein Jerky line (88-90% protein) and Froyo soft-chewy treats at Global Pet Expo 2026 booth #809; products listed at PetSmart and Amazon. https://pet-insight.com/article/global-pet-expo-takeaways-dog-chews-and-treats/ || Contact source: https://www.businesswire.com/news/home/20211119005259/en/Antelope-Alpine%E2%80%99s-New-Consumer-Pet-Platform-Acquires-Bocce%E2%80%99s-Bakery-a-Fast-Growing-Brand-of-All-Natural-Pet-Treats | Founders Andrea and Natalia Tovar are now Senior Advisors only; no Antelope ops/supply chain VP surfaced
56,Chewy,https://www.chewy.com,pet_treat,retailer_private_label,Jason Giroir,Director of Private Brands,,,brand_extension,category pet_treat (+20); segment retailer_private_label (+14); in_national_retail (+12); recent_retail_launch (+10),"Consolidated its private label brands American Journey, Tiny Tiger, True Acre Foods and Bones & Chews into a new Chewy Made line covering food and treats with refreshed packaging in 2026. https://www.petage.com/ecommerce-pet-retailer-chewy-private-label-brands-chewy-made/ || LARGE PRIVATE LABEL: Chewy Made consolidates American Journey, Tiny Tiger, True Acre, Bones & Chews (petfoodindustry 15825690); long cycle, supplier-onboarding path. || Contact source: https://www.inc.com/ali-donaldson/how-chewys-director-of-private-brands-builds-and-leads-teams/91063723 | Leads consumables private brands (American Journey, Tiny Tiger), now consolidated under Chewy Made; a VP Private Brands role exists but name not surfaced"
56,Day Out Snacks,https://getdayout.com,snack,established_brand,Becky Dheri,Founder,,,retail_launch_news,category snack (+10); segment established_brand (+16); sells_wholesale (+8); in_national_retail (+12); recent_retail_launch (+10),"Dessert-inspired protein ball brand (Brownie Batter, Cookie Dough, Cinnamon Bun) landed its first permanent national placement in 2,000 Target stores June 2026 with an 800-store end-cap rotation; https://www.nosh.com/pr/2026/06/10/day-out-snacks-lands-nationwide-at-target || MODERATE FIT: no-bake plant-based protein balls, Montville NJ, national Target launch; not a baked product but a bakery line could run it, confirm. || Contact source: https://njbiz.com/day-out-healthy-snack-startup-nj-costco-retail-expansion/ | Woman-owned; plant-based protein balls in Costco, Amazon, hundreds of retail stores"
56,Junkless,https://junklessfoods.com,snack,established_brand,,,Kalamazoo,MI,retail_launch_news,category snack (+10); segment established_brand (+16); sells_wholesale (+8); in_national_retail (+12); recent_retail_launch (+10),"Granola-bar brand launched protein bars Oct 2025 and a Peanut Butter Chocolate Brownie flavor in 2026; Plant Power protein bars in ~1,100 Walmart stores and pursuing c-store/mass/club; ~43 employees; https://www.nosh.com/news/2026/junkless-builds-its-next-act-as-protein-fuels-new-opportunities || MODERATE FIT: chewy granola and protein bars, Jericho NY; LeadIQ lists it as a manufacturing company so confirm whether it self-manufactures."
56,Meli's Monster Cookies,https://melismonstercookies.com,cookie,established_brand,Melissa Blue,Co-founder,,,retail_launch_news,category cookie (+20); segment established_brand (+16); sells_wholesale (+8); in_national_retail (+12),"Gluten-free monster cookie brand now in over 9,000 stores including Walmart and Target; expanded into 100 Costco stores in Texas and Los Angeles in April 2022; CB Insights shows $1.11M raised over 3 rounds with a debt round in Oct 2023. https://www.nosh.com/food-wire/2022/melis-monster-cookies-expands-into-costco/ and https://www.cbinsights.com/company/melissas-monster-cookies/financials || GOOD FIT: pre-baked gluten-free cookies plus dry mixes, Austin TX (melismonstercookies.com)."
56,Tractor Supply Company,tractorsupply.com,pet_treat,retailer_private_label,,,,,brand_extension,category pet_treat (+20); segment retailer_private_label (+14); in_national_retail (+12); recent_retail_launch (+10),"Announced in 2026 an expansion of its pet assortment with more than 200 new dog and cat products including treats at everyday value. https://corporate.tractorsupply.com/newsroom/news-releases/news-releases-details/2026/Tractor-Supply-Expands-Pet-Assortment-With-More-Than-200-New-Dog-and-Cat-Products/default.aspx || No current Director of Private Brands or pet merchandising lead surfaced in two searches (only former employees: Travis Chesser now at DG, Cameron Gibson now at pOpshelf)"
54,Craize Snacks,https://gocraize.com,bakery,established_brand,Michele Abo,"General Manager, Kayco Beyond",Miami,FL,sweets_snacks_2026,category bakery (+18); segment established_brand (+16); sells_wholesale (+8); in_national_retail (+12),Miami fire-griddled corn cracker brand (founded 2021) made its Sweets & Snacks Expo 2026 and Expo West 2026 debuts after winning sofi Gold Best Cracker 2026; distributed nationally by parent Kayco Beyond; https://www.nosh.com/pr/2026/05/08/craize-snack-crackers-awardwinning-line-makes-sweets--snacks-expo-debut
54,Olyra Foods,https://olyrafoods.com,bakery,established_brand,Yannis Ouzounopoulos,Founder,,,expo_west_2026,category bakery (+18); segment established_brand (+16); sells_wholesale (+8); in_national_retail (+12),"Ancient-grain breakfast biscuit brand whose Blueberry Fig Bars were a 2026 NEXTY finalist; sold at Whole Foods, Costco, Walmart and Amazon and called out in Whole Foods' 2026 trends forecast; https://www.snackandbakery.com/articles/115174-expo-wests-nexty-awards-reveals-2026-finalists"
52,BARK (BarkBox),bark.co,pet_treat,subscription_box,Jeremia Venter,"Vice President, Supply Chain",,,cross_category,category pet_treat (+20); segment subscription_box (+10); in_national_retail (+12); recent_retail_launch (+10),"Named as the maker of Girl Scouts' new Patch Pals soft-baked dog treats launching Jan 2027 (announced Sept 2026), a large new baked-treat SKU on top of its subscription box business. https://bark.co/sites/girlscouts/ || Contact source: https://theorg.com/org/bark/org-chart/jeremia-venter | Leads Sourcing, Purchasing, Procurement; BARK building consumables (food, treats, toppers, dental) at retail. Alternates: Jeffrey Awong (SVP Supply Chain), Anil Nair (Chief Supply Chain Officer, 2021 hire)"
50,A Better Treat,https://abettertreat.com,pet_treat,emerging_brand,Boris Chung,Sales Manager,,CA,expo_west_2025,category pet_treat (+20); segment emerging_brand (+10); sells_wholesale (+8); in_national_retail (+12),Family/minority-owned organic single-ingredient freeze-dried treat brand competed in Expo West Pitch Slam (2025) and exhibited at SUPERZOO 2025; sold at Whole Foods Market. https://www.newhope.com/natural-products-expos/foods-beverages-pet-treats-plant-care-brands-compete-2025-expo-west-pitch-slam
48,Champ's Pet Kitchen,https://champspetkitchen.com,pet_treat,emerging_brand,Mike Wickman,Founder and President,Danville,CA,retail_launch_news,category pet_treat (+20); segment emerging_brand (+10); sells_wholesale (+8); recent_retail_launch (+10),"Lean-protein soft chew treats scaling to 1,200+ grocery stores (Save Mart, Raley's, Safeway, Albertsons) in early 2026. https://www.petfoodindustry.com/news-newsletters/pet-food-news/news/15775047/champs-pet-kitchen-scales-to-reach-1200-stores-in-2026 || GOOD FIT: soft-chew lean-protein treats made in an FDA-registered facility (likely outsourced); 1,200+ grocery doors."
48,Farm to Pet,https://farmtopettreats.com,pet_treat,emerging_brand,Jackson Jones,Founder,Chicago,IL,funding_news+brand_extension,category pet_treat (+20); segment emerging_brand (+10); sells_wholesale (+8); recent_funding (+10),"Bootstrapped single-ingredient chip treat brand ($5M+ 2025 revenue, profitable 2026) opened Reg CF crowdfunding on StartEngine June 2026 explicitly to expand production capacity; sold via independent retailers and Walmart.com marketplace. https://www.petfoodindustry.com/news-newsletters/pet-food-news/news/15828901/farm-to-pet-opens-first-crowdfunding-campaign-on-startengine || Opened its first Regulation Crowdfunding campaign on StartEngine in 2026 after growing to $5M+ 2025 revenue from a 13,000 sq ft Chicago facility, with proceeds earmarked to expand production capacity and distribution. https://www.petfoodindustry.com/news-newsletters/pet-food-news/news/15828901/farm-to-pet-opens-first-crowdfunding-campaign-on-startengine"
48,Let's Sprinkle by MG,https://letssprinklebymg.com,cookie,emerging_brand,Melissa Gorga,Founder,,,brand_extension,category cookie (+20); segment emerging_brand (+10); sells_wholesale (+8); recent_retail_launch (+10),"Reality-TV founder's cookie brand (launched Dec 2024, $1.5M+ sales) added a new classic flavor in 2026 and is carried by ShopRite, Kings Food Markets, Morton Williams and Top Tomato. https://parade.com/news/melissa-gorga-new-cookie-flavor-lets-sprinkle-by-mg || GOOD FIT: Italian sprinkle butter cookies and coffee cake in New Jersey ShopRites, celebrity-founded brand (letssprinklebymg.com)."
48,Spoiled Pets,https://shopspoiledpets.com,pet_treat,emerging_brand,Daedrien Leyva-Lynn,Founder and CEO,Houston,TX,superzoo_2026,category pet_treat (+20); segment emerging_brand (+10); sells_wholesale (+8); recent_retail_launch (+10),Founded 2024 freeze-dried meals/treats brand selected for Emerging Brands Pavilion and New Products Showcase at SUPERZOO 2026 and separately launched on Chewy; wholesale listing on Faire. https://www.petfoodprocessing.net/articles/20658-spoiled-pets-selected-for-emerging-brands-pavilion-launching-new-treats-at-superzoo-2026 ; https://www.petfoodprocessing.net/articles/20669-spoiled-pets-launches-on-chewy
46,Fields Good,https://fieldsgood.co,cookie,established_brand,Ashley Fields,Founder,Austin,TX,funding_news+brand_extension,category cookie (+20); segment established_brand (+16); recent_funding (+10),"Raised $1.8M pre-seed in May 2026 led by Female Founders Fund; functional cookie brand founded by Debbi Fields' daughter; funds earmarked to scale DTC, expand to TikTok Shop and Amazon, and build toward national retail distribution. https://www.finsmes.com/2026/05/fields-good-raises-1-8m-in-pre-seed-funding.html and https://raising.fi/news/fields-good-pre-seed-may-2026 || Functional soft-baked cookie brand (Protein, Focus, Sleep cookies) launched May 2026 with a $1.8M pre-seed led by Female Founders Fund, planning DTC/TikTok Shop/Amazon then national retail; https://www.prnewswire.com/news-releases/fields-good-launches-cookies-with-benefits-backed-by-1-8m-from-female-founders-fund-302782578.html || Functional cookie brand from Mrs. Fields founder's daughter launched May 27 2026 with three ready-to-eat cookies and a $1.8M pre-seed led by Female Founders Fund to scale DTC, TikTok Shop and Amazon and build toward national retail. https://www.prnewswire.com/news-releases/fields-good-launches-cookies-with-benefits-backed-by-1-8m-from-female-founders-fund-302782578.html"
46,Happy Wolf,https://happywolf.com,snack,established_brand,Jana Goodbaum,Co-founder,,,target_forward_founders,category snack (+10); segment established_brand (+16); sells_wholesale (+8); in_national_retail (+12),Organic refrigerated kids snack bar brand in the Target Takeoff Spring 2026 cohort; launched in Whole Foods in Nov 2024; https://accelerators.target.com/alumni-stories/spring-2026-takeoff-cohort/
44,Consumers Supply Distributing LLC,https://www.consumers-supply.com,pet_treat,established_brand,David Patee,Owner,,IA,recall_news,category pet_treat (+20); segment established_brand (+16); sells_wholesale (+8),"Recalled 4 lb bags of Country Vet Biscuits Original Meaty Flavor and Heartland Harvest Dog Biscuits Meaty Flavor with Chicken for Salmonella found in FDA routine sampling (announced Dec 24 2025); sold through retail stores in CO, IA, KS, MO, TX, MT and NE. https://www.fda.gov/safety/recalls-market-withdrawals-safety-alerts/consumers-supply-distributing-llc-recalls-country-vet-biscuits-dogs-due-possible-salmonella-health || GOOD FIT: Sioux City IA distributor whose Country Vet and Heartland Harvest dog biscuits were recalled for Salmonella (fda.gov); it buys biscuits from a manufacturer and may need a new supplier. || Contact source: https://siouxcityjournal.com/special-section/local/consumer-distributing-co-keeps-expanding-works-on-own-animal-feed-line/article_86ade81a-2baf-560d-8b37-3fa1ea23de53.html | Wholesale ag/animal nutrition distributor that also distributes pet foods and treats; works on its own feed line; no named buyer/category manager surfaced"
40,Roaring Fork Mill,https://www.roaringforkmill.com,cookie,emerging_brand,Jacob Trumbull,Founder,Carbondale,CO,expo_west_2026,category cookie (+20); segment emerging_brand (+10); recent_funding (+10),"Family-run stone flour mill previewing its new regenerative organic shortbread cookie line at Expo West 2026; Shortbread Cookies named a 2026 NEXTY finalist (Planet-forward category) and founder received a $25,000 Greg Steltenpohl Pragmatic Visionary grant on March 5 2026; mill launching a CPG cookie line is a strong co-packing fit. https://www.snackandbakery.com/articles/115174-expo-wests-nexty-awards-reveals-2026-finalists and https://www.compassnaturalmarketing.com/compass-natural-new-directions-for-green-business/tag/Roaring+Fork+Mill || Regenerative Organic Certified stone mill (founded 2022) whose shortbread cookies were a 2026 NEXTY finalist; also sells Upcycled Certified graham crackers; founder received a $25K Pragmatic Visionary grant at Expo West March 2026; https://www.snackandbakery.com/articles/115174-expo-wests-nexty-awards-reveals-2026-finalists"
40,Whoa Dough,https://www.whoadough.com,cookie,emerging_brand,Todd Goldstein,Founder,,,expo_west_2026,category cookie (+20); segment emerging_brand (+10); recent_retail_launch (+10),"Debuted Snackable Gluten-Free Cookie Dough Packs (Chocolate Chip, Sugar Cookie, Brownie Batter; refrigerated, ready-to-eat) at Expo West 2026, Booth #5035 Hall E, March 4-6; allergen-friendly line. https://www.nosh.com/pr/2026/03/02/double-the-fun-whoa-dough-debuts-snackable-glutenfree-cookie-dough-packs-at-expo-west || MODERATE FIT: gluten-free plant-based cookie dough bars, Cleveland OH; may be cold-chain (sold via DeliveredCold), confirm before pitching."
39,Badlands Ranch,https://badlandsranch.com,pet_food,established_brand,,,,,petco_launch,"category pet_food (+16); segment established_brand (+16); sells_wholesale (+8); in_national_retail (+12); recent_retail_launch (+10); capped: weak product fit, see notes",Katherine Heigl's air-dried dog food and treats brand launched at Petco in January 2026. https://www.prnewswire.com/news-releases/new-year-new-everything-petco-launches-hundreds-of-novel-must-have-items-to-kick-off-2026-302645488.html || WEAK FIT: air-dried food and freeze-dried treats (Katherine Heigl brand); not baked.
39,Bark Bistro,https://barkbistro.com,pet_treat,emerging_brand,,,,,retail_launch_news,"category pet_treat (+20); segment emerging_brand (+10); sells_wholesale (+8); recent_retail_launch (+10); capped: weak product fit, see notes","Announced launch in Sprouts Farmers Market and expanded retail footprint (Dec 16 2025 Business Wire release headline). https://www.businesswire.com/news/home/20251216971614/en/Bark-Bistro-Launches-in-Sprouts-Farmers-Market-and-Expands-Retail-Footprint || WEAK FIT: core product is peanut butter for dogs (Buddy Budder), not baked; also lists pancakes for dogs, so a baked line extension is possible."
39,Butcher's Naturals,https://butchersnaturals.com,pet_treat,established_brand,,,Boca Raton,FL,retail_launch_news,"category pet_treat (+20); segment established_brand (+16); sells_wholesale (+8); in_national_retail (+12); recent_retail_launch (+10); capped: weak product fit, see notes",Single-source protein meat treats launched in Target stores and Target.com (March 2025) and later expanded into Publix; manufactured by Eurofresh Foods. https://www.petage.com/butchers-naturals-expands-premium-dog-treat-reach-with-target-launch/ ; https://www.petfoodprocessing.net/articles/20400-butchers-naturals-expands-into-publix-stores || WEAK FIT: meat treats sourced from manufacturers in Germany (butchersnaturals.com); not a baked product.
39,Finfare,https://finfarepetfoods.com,pet_treat,emerging_brand,,,,,petco_launch,"category pet_treat (+20); segment emerging_brand (+10); sells_wholesale (+8); in_national_retail (+12); recent_retail_launch (+10); capped: weak product fit, see notes",Sashimi-grade seafood dog/cat treats launched at petco.com as exclusive pet specialty retailer with stores in spring 2026; won 2026 Pet Innovation Award Alternative Cat Treat of the Year. https://www.petfoodprocessing.net/articles/20238-finfare-expands-into-petco-stores-nationwide || WEAK FIT: freeze-dried seafood treats; not baked.
39,Firehook,https://firehook.com,bakery,established_brand,,,,,retail_launch_news,"category bakery (+18); segment established_brand (+16); sells_wholesale (+8); recent_retail_launch (+10); capped: weak product fit, see notes",Natural cracker brand rolled out a new look and a limited-edition Truff parmesan truffle cracker collab at Publix and Ahold in May 2025; https://www.foodnavigator-usa.com/Article/2025/05/13/natural-cracker-brand-collaborates-with-standout-cross-category-companies/ || WEAK FIT: bakes crackers in its own facility in Chantilly VA (firehook.com/pages/faq); overflow-capacity pitch only.
39,Fussie Cat (Pets Global),https://www.fussiecat.com,pet_food,established_brand,,,,,petco_launch,"category pet_food (+16); segment established_brand (+16); sells_wholesale (+8); in_national_retail (+12); recent_retail_launch (+10); capped: weak product fit, see notes","Independently owned Pets Global rolled Fussie Cat into 1,200+ Petco stores and petco.com in 2026 and expanded kitten line. https://www.petfoodindustry.com/news-newsletters/pet-food-news/news/15824424/fussie-cat-launches-at-petco-stores-expands-kitten-line || WEAK FIT: wet and dry cat food, Valencia CA; only relevant for extruded cat kibble."
39,Killer Brownie,https://killerbrownie.com,bakery,established_brand,,,Dayton,OH,retail_launch_news,"category bakery (+18); segment established_brand (+16); sells_wholesale (+8); in_national_retail (+12); recent_retail_launch (+10); capped: weak product fit, see notes",Dorothy Lane Market-born brownie brand launched individually wrapped brownies at Target stores nationwide Nov 2025 via Irresistible Foods Group and discussed expansion plans in June 2026; https://www.bakemag.com/articles/20865-killer-brownie-officially-launching-at-target-stores-nationwide || WEAK FIT: owned by Dorothy Lane Market with its own bakery; overflow or second-source pitch only.
39,My Better Batch,https://mybetterbatch.com,cookie,established_brand,Lindsay Hancock,Founder,,,target_forward_founders,"category cookie (+20); segment established_brand (+16); sells_wholesale (+8); in_national_retail (+12); recent_retail_launch (+10); capped: weak product fit, see notes","Clean-label cookie mix brand founded by a former KIND Snacks exec; Target Takeoff 2025 F&B cohort; launched at Costco and Target; June 25 2026 release reports 400%+ YoY growth and 3,000+ new points of distribution in Q1 2026 including Kroger, Albertsons, H-E-B, Giant Food, Hy-Vee and Harris Teeter (product is a dry cookie mix, not a baked cookie). https://www.nosh.com/pr/2026/06/25/womenowned-cookie-mix-my-better-batch-lands-kroger-albertsons-heb-and-hyvee-as-brand-posts-400-yearoveryear-growth and https://accelerators.target.com/alumni-stories/introducing-2025-takeoff-fb-brands-innovation-one-bite-at-a-time/ || WEAK FIT: product is a dry cookie mix, not a baked cookie; only relevant if the facility does dry blending and packaging."
39,NoBaked Cookie Dough,https://nobakedcookiedough.com,cookie,emerging_brand,,,,,funding_news,"category cookie (+20); segment emerging_brand (+10); recent_funding (+10); capped: weak product fit, see notes","Ran a 2025 StartEngine equity crowdfunding campaign at a $9.03M valuation (target $124K-$618K) for marketing, hiring and working capital. https://kingscrowd.com/nobaked-cookie-dough-on-startengine-2025/ and https://pitchbook.com/profiles/company/462077-56 || WEAK FIT: refrigerated edible cookie dough, Nashville; facility bakes."
39,Pet Honesty,https://www.pethonesty.com,pet_treat,established_brand,,,,,superzoo_2026,"category pet_treat (+20); segment established_brand (+16); sells_wholesale (+8); in_national_retail (+12); recent_retail_launch (+10); capped: weak product fit, see notes","Debuted Cat Squeezables at SUPERZOO 2026 (on Amazon/Chewy, Petco retail August 2026) and launched Brush Buddies cellulose-free dental chew. https://www.petage.com/pet-honesty-launches-cat-squeezables-bringing-science-backed-wellness-to-a-format-cats-love/ || WEAK FIT: supplement soft chews made in an SQF facility; not a baked treat."
39,Rare Breed,https://rarebreedpet.com,pet_treat,established_brand,,,Minong,WI,chewy_new,"category pet_treat (+20); segment established_brand (+16); sells_wholesale (+8); in_national_retail (+12); recent_retail_launch (+10); capped: weak product fit, see notes","Link Snacks-backed 3-ingredient human-grade beef/pork treat brand launched at Chewy June 11 2026 after reaching 2,530 Walmart stores; launched May 2025. https://www.prnewswire.com/news-releases/rare-breed-launches-at-chewy-with-3-ingredient-human-grade-beef--pork-treats-302798018.html ; https://www.petfoodprocessing.net/articles/19862-new-dog-treat-brand-expands || WEAK FIT: hardwood-smoked meat treats, not baked; 2,530 Walmart stores so still a capacity story if the facility smokes or dehydrates meat."
39,REAL Cookies,https://www.realcookiesco.com,cookie,established_brand,,,,,retail_launch_news,"category cookie (+20); segment established_brand (+16); sells_wholesale (+8); in_national_retail (+12); capped: weak product fit, see notes","Gluten-free, grain-free, plant-based cookie brand added to Sprouts Farmers Market shelves nationwide (2023). https://www.nosh.com/food-wire/2023/real-cookies-now-on-grocery-shelves-at-sprouts-farmers-market-nationwide/ || WEAK FIT: merged with Creations Foods in Jan 2026 into a vertically integrated platform (preparedfoods.com 131314); likely has its own manufacturing."
39,Rogue,https://roguesnacks.com,snack,established_brand,,,Los Angeles,CA,funding_news,"category snack (+10); segment established_brand (+16); sells_wholesale (+8); in_national_retail (+12); recent_funding (+10); recent_retail_launch (+10); capped: weak product fit, see notes","Science Inc.-backed protein chips and cookie/churro puffs brand raised $2.5M pre-seed (May 2026) and launched in 2,800 Walmart stores nationwide July 2026; https://www.businesswire.com/news/home/20260511369399/en/Rogue-Raises-$2.5M-and-Secures-Launch-in-2800-Walmart-Stores-Nationwide || WEAK FIT: extruded protein chips and puffs (roguesnacks.com), not baked goods; 2,800 Walmart stores."
39,Smalls,smalls.com,pet_treat,established_brand,,,,,retail_launch_news,"category pet_treat (+20); segment established_brand (+16); sells_wholesale (+8); recent_retail_launch (+10); capped: weak product fit, see notes","Cat-only fresh food brand launched shelf-stable lickable Licks cat treats and signed Phillips Pet Food & Supplies for wider distribution (shelf-stable treats are the co-pack opportunity). https://www.petage.com/cat-only-fresh-food-brand-smalls-launches-functional-lickable-shelf-stable-cat-treats/ ; https://www.petage.com/smalls-partners-with-phillips-pet-food-supplies-to-further-expand-distribution/ || WEAK FIT: fresh cat food; facility bakes. || WEAK FIT: fresh/gently-cooked and freeze-dried cat food, not baked goods"
39,Wuffes,https://wuffes.com,pet_treat,established_brand,,,,,petsmart_launch,"category pet_treat (+20); segment established_brand (+16); sells_wholesale (+8); in_national_retail (+12); recent_retail_launch (+10); capped: weak product fit, see notes","Soft-chew supplement brand launched full line in 1,300+ PetSmart stores June 2026 and later Pet Supermarket; added Allergy & Itch and Calming Chews in 2026 (supplement chews). https://www.petfoodindustry.com/pet-supplements-pro/supplements-supplier-brief/news/15828860/wuffes-launches-full-supplement-line-at-petsmart-stores || WEAK FIT: dog supplements, not treats."
38,Elite Treats LLC,,pet_treat,emerging_brand,,,Boca Raton,FL,recall_news,category pet_treat (+20); segment emerging_brand (+10); sells_wholesale (+8),"Recalled a lot of Elite Treats Chicken Chips for Dogs on Feb 24 2026 for potential Salmonella; candidate for a new manufacturing partner. https://www.fda.gov/safety/recalls-market-withdrawals-safety-alerts/elite-treats-llc-recalls-single-lot-chicken-chips-due-salmonella-contamination || Recalled a lot of Elite Treats Chicken Chips for Dogs 6 oz bags for Salmonella (FDA posting Feb 24 2026); sold to feed stores in AL, FL, GA, NC and SC. https://www.fda.gov/safety/recalls-market-withdrawals-safety-alerts/elite-treats-llc-recalls-single-lot-chicken-chips-due-salmonella-contamination || No official website found (Boca Raton FL dog chicken chip maker; 2024 Salmonella recall on file with FDA); sold via retailers/feed stores only"
38,Just Paw Naturals,justpawnaturals.com,pet_treat,emerging_brand,,,,,retail_launch_news,category pet_treat (+20); segment emerging_brand (+10); sells_wholesale (+8),"Dehydrated single-ingredient treat company actively seeking independent pet retailers, natural grocers, feed stores and distributors nationwide (Aug 20 2026). https://www.petfoodprocessing.net/articles/20812-natural-dog-treat-company-seeks-retail-expansion || Single-ingredient natural dog treats, viable buyer"
38,Lexington Bakes,https://lexingtonbakes.com,cookie,emerging_brand,Lex Evan,"Founder, CEO & Chef",Los Angeles,CA,expo_west_2026,category cookie (+20); segment emerging_brand (+10); sells_wholesale (+8),Peanut Butter Chip Protein Cookie won the 2026 NEXTY Award (vegan category) at Expo West; brand sells on shelf at Erewhon (top-5 category brand in first year) and was a Foxtrot Up & Comers finalist. https://www.newhope.com/nexty-awards/lexington-bakes-wins-nexty-award-with-high-quality-ingredient-transparency and https://commercialbaking.com/emerging-established-brands-win-2026-nexty-awards/
38,Rescue Treats,https://rescuetreats.dog,pet_treat,emerging_brand,Arron Jones-Williams,Founder,Jersey City,NJ,retail_launch_news,category pet_treat (+20); segment emerging_brand (+10); sells_wholesale (+8),Minority-owned limited-ingredient small-batch treat brand expanding into independent pet specialty and boutique retail in 2026 with give-back model. https://www.petfoodindustry.com/news-newsletters/pet-food-news/news/15818750/rescue-treats-expands-premium-treat-brand-supporting-rescue-shelters
38,Terranean,terraneanherbs.com,snack,emerging_brand,Tina Chamoun,Founder,Cleveland,OH,retail_launch_news,category snack (+10); segment emerging_brand (+10); sells_wholesale (+8); recent_retail_launch (+10),"Cleveland women-owned Lebanese-American snack brand launched Avocado Oil baked pita chips at World Market in June 2026 alongside Fresh Thyme, Heinen's, Festival Foods and Sendik's distribution; https://www.nosh.com/pr/2026/05/05/terranean-expands-with-avocado-oil-pita-chips-and-national-retail-presence || WEAK FIT: Mediterranean pita chips, seasonings and spreads (Terranean Herbs), not baked cookies/treats"
38,The Graceful Cookie Co.,https://thegracefulcookie.com,cookie,emerging_brand,David Dodson,Baker & Owner,Vallejo,CA,sweets_snacks_2026,category cookie (+20); segment emerging_brand (+10); sells_wholesale (+8),"Strawberry Milkshake Cookie won the Baked Goods category of the 2026 Most Innovative New Product Awards at Sweets & Snacks Expo (Las Vegas, May 18-21, 2026), beating ~500 entries; brand site has a 'Camshell Retail' page. https://www.bakemag.com/articles/21764-the-graceful-cookie-cos-strawberry-milkshake-cookie-wins-innovative-product-award-at-sweets-and-snacks-expo and https://sweetsandsnacks.com/sweets-snacks-expo-announces-2026-most-innovative-new-product-awards-winners/ || Strawberry Milkshake Cookie won the Baked Goods category of the 2026 Sweets & Snacks Expo Most Innovative New Product Awards; https://sweetsandsnacks.com/sweets-snacks-expo-announces-2026-most-innovative-new-product-awards-winners/"
36,ChunkyFit,https://chunkyfitcookie.com,bakery,emerging_brand,,,Austin,TX,amazon_dtc,category bakery (+18); segment emerging_brand (+10); sells_wholesale (+8),Veteran-founded soft-baked protein cookie brand reformulated its full line in Feb 2026; $500K+ DTC sales in 2025 with 80+ retail doors incl. Scheels and GNC franchises and is eyeing retail expansion; https://www.nosh.com/pr/2026/02/16/veteranfounded-chunkyfit-unveils-new-protein-cookie-recipe-with-coconut-oil-and-collagen-eyes-retail-expansion
36,HighKey,highkey.com,cookie,established_brand,,,,,amazon_dtc,category cookie (+20); segment established_brand (+16),"Keto-friendly sugar-free, gluten-free sandwich cookies and mini cookies cited among the most popular protein/keto cookie brands on Amazon in 2026. https://barbend.com/best-protein-cookies/ || Keto cookies (also crackers/mini muffins), viable buyer"
36,Jamie's Farm,https://jamies-farm.com,bakery,emerging_brand,Jamie Kim,Founder & Owner,,,fancy_food_2026,category bakery (+18); segment emerging_brand (+10); sells_wholesale (+8),Ghee-baked granola brand won a 2026 sofi Gold Award for Chai Streusel Granola and expanded across Whole Foods Market's Northeast region; https://www.specialtyfood.com/news-media/news-features/member-press-releases/jamie%E2%80%99s-farm-granola-expands-across-the-northeast-region-with-whole-foods-market/
36,Jones Natural Chews,jonesnaturalchews.com,pet_treat,established_brand,,,,,superzoo_2026,category pet_treat (+20); segment established_brand (+16),"Featured natural US-sourced dog treats at SUPERZOO 2026 per Modern Dog must-see list. https://moderndogmagazine.com/articles/superzoo-2026-dog-products/ || WEAK FIT: natural dog chews/bones, not baked treats; also its own manufacturer (100% made in USA)"
36,Kel's Kitchen Table,https://kelskitchentable.com,bakery,emerging_brand,Kelsey Bross,Founder,,NJ,fancy_food_2026,category bakery (+18); segment emerging_brand (+10); sells_wholesale (+8),"Nut-butter-based granola brand founded 2023 is listed as a 2026 Summer Fancy Food Show exhibitor and has grown from cottage production to regional retail across NJ and NYC (Pop-Up Grocer, Butterfield Market, Westside Market); https://events.specialtyfood.com/event/2026-summer-fancy-food-show/exhibitor/RXhoaWJpdG9yXzI0MzA5Mjc="
36,Last Crumb,lastcrumb.com,cookie,established_brand,,,Los Angeles,CA,funding_news,category cookie (+20); segment established_brand (+16),"Luxury DTC cookie brand (weekly drops, waitlist) closed a $3M seed round led by Electric Feel Ventures with Chetrit Ventures, David Grutman and others; dozen core cookies plus limited editions. https://www.bakingbusiness.com/articles/56770-luxury-cookie-brand-raises-3-million-in-seed-funding and https://www.foodbusinessnews.net/articles/21727-last-crumb-closes-3-million-seed-round || Luxury cookies; owns its own bakery in Brooklyn NY - may already bake in-house"
36,Stars + Honey,starsandhoney.com,snack,established_brand,Daniel Rainey,CEO,,,funding_news,category snack (+10); segment established_brand (+16); recent_funding (+10),"Collagen protein bar brand (founded 2023) raised $24M growth equity led by VMG Partners in June 2026 to fund national retail expansion and a new 60,000 sq ft facility; ~$50M revenue expected in 2026 after 300% growth; https://www.businesswire.com/news/home/20260609905143/en/Stars-Honey-Secures-Growth-Equity-Investment-Led-by-VMG-Partners-to-Accelerate-National-Expansion || WEAK FIT: collagen/protein bars, not granola or baked goods despite hint"
36,Sweet Loren's,sweetlorens.com,cookie,established_brand,,,,,funding_news,category cookie (+20); segment established_brand (+16),"Cookie dough brand named to the 2025 Inc. 5000 list of America's fastest-growing private companies. https://www.inc.com/inc5000/2025 || Refrigerated cookie dough, puff pastry, breakfast biscuits - viable buyer"
36,TDBBS LLC,bestbullysticks.com,pet_treat,established_brand,,,,,recall_news,category pet_treat (+20); segment established_brand (+16),"Voluntarily recalled 3,551 bags of Green Tripe dog treats in 2026 for potential foreign metal objects. https://www.fda.gov/safety/recalls-market-withdrawals-safety-alerts/tdbbs-llc-recalls-green-tripe-dog-treats-due-potential-foreign-metal-object-contamination || WEAK FIT: bully sticks and natural chews (Best Bully Sticks/Barkworthies brands), not baked; recently acquired by Central Garden & Pet"
34,Once Again,onceagain.com,bakery,established_brand,,,,,expo_west_2026,category bakery (+18); segment established_brand (+16),Nut butter maker's Chocolate & Peanut Butter Graham Sandwiches were a 2026 NEXTY finalist in Sweet Snacks & Desserts (a baked category extension outside its core nut-butter production); https://www.snackandbakery.com/articles/115174-expo-wests-nexty-awards-reveals-2026-finalists || Nut/seed butters plus granola bars and graham snack packs - viable buyer
30,Arctic Chews,,pet_treat,emerging_brand,,,,,amazon_dtc,category pet_treat (+20); segment emerging_brand (+10),"Single-ingredient wild-caught Icelandic cod skin chip treats listed among Amazon single-ingredient sellers. https://iheartdogs.com/top-dog-treats-that-own-amazons-best-seller-list/ || WEAK FIT: single-ingredient wild-caught Icelandic cod skin chews, product of Ethical Products/Ethical Pet; no dedicated Arctic Chews website found in results"
30,Ava's Pet Palace,https://avaspetpalace.com,pet_treat,emerging_brand,Ava Dorsey,Founder,Chicago,IL,expo_west_2026,category pet_treat (+20); segment emerging_brand (+10),Organic limited-ingredient dog and cat treats; exhibited at Natural Products Expo West per March 2026 FoodNavigator piece; has a Wefunder raise page and debuted USDA organic treats at Global Pet Expo. https://www.foodnavigator.com/Article/2026/03/16/from-niche-to-norm-limited-ingredient-pet-treats-take-off/
30,BellePepper Cats,bellepeppercats.com,pet_treat,emerging_brand,,,,,recall_news,category pet_treat (+20); segment emerging_brand (+10),Cat treat brand whose freeze-dried treats were made by Foodynamics and recalled Oct 2025 for Salmonella; Foodynamics ceased production. https://www.fda.gov/safety/recalls-market-withdrawals-safety-alerts/correction-foodynamics-recalls-raw-dog-barkery-bellepepper-cats-and-kanu-pets-brand-freeze-dried-pet || WEAK FIT: freeze-dried only cat/dog treats (also named in a 2024/25 FDA freeze-dried treat Salmonella recall alongside Raw Dog Barkery and Kanu Pets)
30,Boops Pets,boopspets.com,pet_treat,emerging_brand,,,,,product_launch_news,category pet_treat (+20); segment emerging_brand (+10),"Launched KSM-66 Ashwagandha Calming Soft Chews for dogs in 2026 (supplement soft chew format). https://www.petfoodindustry.com/news-newsletters/pet-food-news/news/15820673/boops-pets-launches-ashwagandha-calming-chews-for-dogs || WEAK FIT: soft-chew longevity/anti-aging supplement, not a baked treat"
30,Coley's Foods Inc.,coleysfoods.com,cookie,emerging_brand,Nicole O'Hara,Founder,Boerne,TX,heb_quest_texas_best,category cookie (+20); segment emerging_brand (+10),"Founded 2025; gluten-free, dairy-free, refined-sugar-free frozen ready-to-bake cookie dough; named one of 10 finalists in H-E-B's 2025 Quest for Texas Best (from 978 entries). https://theshelbyreport.com/2025/08/29/h-e-b-names-10-finalists-in-annual-quest-for-texas-best-competition/ and https://www.kens5.com/article/news/local/heb-finalists-entrepreneurs-barbacoa-cookies-sausage-grocery-store-contest-best-texas-quest/273-d9558356-9ceb-42f9-bd7c-b0ea8a4e1a33 || Gluten-free, dairy-free, refined-sugar-free cookie dough, viable buyer"
30,Dogginstix,dogginstix.com,pet_treat,emerging_brand,,,,,award_news,category pet_treat (+20); segment emerging_brand (+10),"Awarded Dog Treat Natural Product of the Year in the 2026 Pet Innovation Awards. https://www.globenewswire.com/news-release/2026/08/06/3340190/0/en/Top-Pet-Innovators-Recognized-in-2026-Pet-Innovation-Awards.html || WEAK FIT: bully sticks, lamb collagen, beef feet chews - not baked"
30,"DogNip (Dog Nip, Inc.)",https://dognip.com,pet_treat,emerging_brand,,,,,global_pet_expo_2026,category pet_treat (+20); segment emerging_brand (+10),"Second-generation family-owned company launched single-ingredient novel-protein (goose, camel, goat) chews at Global Pet Expo 2026 booth #2485. https://www.petfoodprocessing.net/articles/20063-dog-nip-introduces-novel-protein-dog-chews"
30,Flavr Cookies,flavrcookies.com,cookie,emerging_brand,,,,,target_forward_founders,category cookie (+20); segment emerging_brand (+10),"Listed among Target Forward Founders cohort brands: cookie bakery offering community-created flavors or build-your-own (verify packaged product vs. bakery model). https://accelerators.target.com/alumni-stories/target-forward-founders-alumni/ || Build-your-own/collab cookie brand, viable buyer"
30,Gina Marie Bakery,ginamariebakery.com,cookie,emerging_brand,,,,,recall_news,category cookie (+20); segment emerging_brand (+10),"Announced a voluntary recall of various cookie products on Sept 10 2026 for possible undeclared almonds, sesame and food colorings (Red 40, Red 3, Blue 1, Yellow 5, Yellow 6). https://www.newsweek.com/cookie-recall-fda-threat-life-warning-gina-marie-bakery-allergy-2128228 || WEAK FIT: owns its own retail bakery in Waterbury CT; issued a 2025 allergen (undeclared almonds/sesame/dyes) recall on cookies"
30,HOLY CAP,holycap.shop,pet_treat,emerging_brand,,,,,crowdfunding,category pet_treat (+20); segment emerging_brand (+10),"Kickstarter for lickable treats for cats and dogs, updated May 29 2026. https://www.kickstarter.com/projects/holycap/holy-cap-honest-lickable-treats-for-better-pet-nutrition || WEAK FIT: lickable purée treats with functional mushrooms - supplement-style, not baked"
30,Honest to Goo,,pet_treat,emerging_brand,,,,,award_news,category pet_treat (+20); segment emerging_brand (+10),"Named Dog Treat Chews Product of the Year in the 2026 Pet Innovation Awards. https://www.globenewswire.com/news-release/2026/08/06/3340190/0/en/Top-Pet-Innovators-Recognized-in-2026-Pet-Innovation-Awards.html || No exact match found; closest similarly-named brand is 'Honest to Goodness' (honest2goodness.com, plant-based dog treats) - name mismatch, unverified as same company"
30,Idaho Barkery,idahobarkery.com,pet_treat,emerging_brand,,,,ID,superzoo_2025,category pet_treat (+20); segment emerging_brand (+10),"Your Brand on a Dog Treat took 2nd place in the dog category at SUPERZOO 2025 New Product Showcase awards. https://petsplusmag.com/see-which-brands-won-superzoo-new-product-showcase-awards/ || Chickpea-based baked dog treats, viable buyer"
30,Kaiivo,https://kaiivopets.com,pet_treat,emerging_brand,,,,,amazon_dtc,category pet_treat (+20); segment emerging_brand (+10),Newer wellness-focused brand of single-ingredient freeze-dried and plant-powered treats selling online. https://kaiivopets.com/blogs/natural-feeding/best-selling-dog-treats-for-2026-top-picks
30,Kanu Pets,kanupets.com,pet_treat,emerging_brand,,,,,recall_news,category pet_treat (+20); segment emerging_brand (+10),Brand whose Foodynamics-made freeze-dried treats were recalled Oct 2025 for Salmonella after co-packer halted production. https://www.nasc.cc/news/news-foodynamics-recalls-freeze-dried-pet-treats-salmonella-risk/ || WEAK FIT: named in FDA recall as a freeze-dried pet treat brand; site also sells general pet supplies/toys
30,Mooski,mooskisnacks.com,snack,emerging_brand,,,,,funding_news,category snack (+10); segment emerging_brand (+10); recent_funding (+10),Chilled oat bar brand founded 2022 raised $1.5M in 2025 specifically to scale bar production amid a second consecutive year of triple-digit growth; https://www.nosh.com/news/2025/mooski-secures-1-5-million-to-scale-chilled-oat-bar-production-amid-triple-digit-growth/ || WEAK FIT: refrigerated/chilled oat bars dipped in chocolate (not a shelf-stable baked good)
30,My Cookie Dealer,mycookiedealer.com,cookie,emerging_brand,,,,,amazon_dtc,category cookie (+20); segment emerging_brand (+10),"Smaller protein cookie brand selling variety packs on Amazon with 15-17g protein per individually wrapped cookie. https://www.amazon.com/Protein-Cookies/s?k=Protein+Cookies || Protein cookie brand, viable buyer"
30,Natural Farm,https://naturalfarmpet.com,pet_treat,emerging_brand,,,,,global_pet_expo_2026,category pet_treat (+20); segment emerging_brand (+10),Cold-Dried Bully Sticks won Dog Treat Innovation of the Year in 2026 Pet Innovation Awards; published Global Pet Expo 2026 trends recap. https://www.manilatimes.net/2026/08/20/tmt-newswire/globenewswire/natural-farm-cold-dried-bully-sticks-awarded-dog-treat-innovation-of-the-year-in-2026-pet-innovation-awards/2409203
30,Raw Dog Barkery,rawdogbarkery.com,pet_treat,emerging_brand,,,,,recall_news,category pet_treat (+20); segment emerging_brand (+10),"Freeze-dried treats made by co-packer Foodynamics (Wales WI) recalled Oct 2025 for Salmonella; Foodynamics ceased production, leaving brand needing a manufacturer. https://www.petfoodindustry.com/safety-quality/pet-food-recalls/news/15769098/foodynamics-foodynamics-recalls-freezedried-treats-for-potential-salmonella || WEAK FIT: freeze-dried only treats; owns its own freeze-drying facility in Wales WI"
30,The Protein Bakery,https://proteinbakery.com,cookie,emerging_brand,,,,,amazon_dtc,category cookie (+20); segment emerging_brand (+10),DTC protein cookie/brownie brand with a dedicated protein cookies collection on its own site. https://proteinbakery.com/collections/cookies
30,Toto Soft-Baked Protein Cookies,totofoods.com,cookie,emerging_brand,,,,,amazon_dtc,category cookie (+20); segment emerging_brand (+10),"Cited among the most popular protein cookie brands on Amazon in 2026: soft-baked protein cookies with whole-food ingredients, no artificial sweeteners, S'mores flavor with 8g protein. https://barbend.com/best-protein-cookies/ and https://www.amazon.com/Best-Sellers-Sports-Nutrition-Cookies-Brownies/zgbs/hpc/6973687011 || Soft-baked, plant-protein cookies, viable buyer"
30,Tubby's Taste,tubbystaste.com,cookie,emerging_brand,,,,,target_forward_founders,category cookie (+20); segment emerging_brand (+10),"Listed among Target Forward Founders cohort brands: boldly-flavored Jamaican-inspired vegan cookies free of soy, preservatives and nuts (excluding coconut). https://accelerators.target.com/alumni-stories/target-forward-founders-alumni/ || Jamaican-inspired vegan cookies, viable buyer"
30,Wandel Cookies,eatwandel.com,cookie,emerging_brand,,,,,fancy_food_2026,category cookie (+20); segment emerging_brand (+10),"Highlighted as a new cookie brand at the 2026 Summer Fancy Food Show (NYC, June 2026): mandelbread-inspired cookies from a minority women-owned company. https://somminthecity.com/16936-2/ || Twice-baked mandel bread cookie bites, viable buyer"
30,Yak9 Chews,yak9chews.com,pet_treat,emerging_brand,,,,,global_pet_expo_2026,category pet_treat (+20); segment emerging_brand (+10),"Debuted Yak-A-Bone digestible chew in Cheese, Peanut Butter and Pumpkin with Postbiotics flavors at Global Pet Expo 2026. https://pet-insight.com/article/global-pet-expo-takeaways-dog-chews-and-treats/ || WEAK FIT: yak/cow milk cheese dog chews, not baked"
30,You're a Cookie LLC,youreacookie.com,cookie,emerging_brand,,,,,fancy_food_2026,category cookie (+20); segment emerging_brand (+10),"Take & Bake Oatmeal Blueberry Cookie Dough (Michigan-grown blueberries, six pre-portioned cookies per resealable pouch) named a 2026 sofi Award finalist in Sweet Snacks after exhibiting at the 2025 Summer Fancy Food Show. https://www.specialtyfood.com/news-media/news-features/member-press-releases/you%E2%80%99re-a-cookie-announced-as-sofi%E2%84%A2-award-finalist-by-the-specialty-food-association/ || Take-and-bake gluten-free/nut-free cookie dough; site describes company as Chicago-based rather than Michigan as hinted - verify this is the same company"
30,Zookies Cookies,zookies-cookies.com,pet_treat,emerging_brand,Justin Miller,Co-founder,,,shark_tank,category pet_treat (+20); segment emerging_brand (+10),"Bake-at-home dog treat mix brand (Shark Tank deal with Alli Webb) reported revenue exceeding $4M as of 2025. https://www.sharktankblog.com/business/zookies-cookies/ || WEAK FIT: bake-at-home DIY dog treat mix kit (Shark Tank) - end customer bakes it themselves, so brand may not need a co-packer for baking"
28,Big Grove Brewery,https://biggrove.com,pet_treat,non_food_brand_extension,,,Iowa City,IA,brand_extension,category pet_treat (+20); segment non_food_brand_extension (+8),"Brewery sells packaged Spent Grain Dog Treats (whole wheat flour, oats, spent grain, canola oil) baked by Woofables Bakery in Coralville; launch date not shown in results. https://biggrove.com/products/spentgraindogtreats"
28,Dar Baklava,darbaklava.com,bakery,emerging_brand,,,,,target_forward_founders,category bakery (+18); segment emerging_brand (+10),"Middle Eastern baklava in snackable formats named in the Target Forward Founders 2025 cohort; https://accelerators.target.com/alumni-stories/meet-target-forward-founders-2025/ || Premium baklava snack packs, wholesale program exists, viable buyer"
28,For Good Granola,https://forgoodgranola.com,bakery,emerging_brand,Kiley Fields,Chef + Founder,Chicago,IL,fancy_food_2026,category bakery (+18); segment emerging_brand (+10),Chicago woman-owned buckwheat granola brand (founded 2021) exhibited at the 2026 Summer Fancy Food Show and Good Food Mercantile with its 2026 Good Food Award-winning Original Blend; https://www.specialtyfood.com/news-media/news-features/member-press-releases/for-good-granola-returns-to-the-fancy-food-show-and-exhibits-at-good-food-mercantile-with-2026-good/
28,Moonbeans,https://moonbeans.rocks,bakery,emerging_brand,Tully Mcloughlin,Co-founder,,,target_forward_founders,category bakery (+18); segment emerging_brand (+10),Chickpea (no-oat) granola brand in the Target Forward Founders 2025 cohort; moved into a commercial kitchen in 2024 and began shipping nationwide in 2025; https://accelerators.target.com/alumni-stories/meet-target-forward-founders-2025/
28,MsPs'GFree,misspsglutenfree.com,bakery,emerging_brand,,,,,target_forward_founders,category bakery (+18); segment emerging_brand (+10),"Gluten-free snack brand focused on gluten-free granola named in the Target Forward Founders 2025 cohort; https://accelerators.target.com/alumni-stories/meet-target-forward-founders-2025/ || Gluten-free bakery match is Miss P's Gluten Free (Calgary, breads/pastries); note a similarly-named but distinct company 'Ms. P's Gluten Free' (Chicago, granola) also exists at mspsglutenfree.com - verify which is the intended target"
28,Please & Thank You,wearepleaseandthankyou.com,bakery,emerging_brand,,,,,expo_west_2026,category bakery (+18); segment emerging_brand (+10),Chocolate Chip Cookie Dough was named a 2026 NEXTY Award finalist at Expo West; https://www.snackandbakery.com/articles/115174-expo-wests-nexty-awards-reveals-2026-finalists || WEAK FIT: owns and bakes in its own bakery/coffee shops daily (Louisville KY & Indianapolis IN)
28,Seattle Dog Boarding,seattledogboarding.net,pet_treat,non_food_brand_extension,Pete O'Neil,Founder,Seattle,WA,brand_extension,category pet_treat (+20); segment non_food_brand_extension (+8),"Dog daycare and grooming business plans to roll out a new healthy dog treats line in 2026 after two years of taste tests with customers' dogs. https://www.newswire.com/news/2026-to-be-growth-year-in-usa-dog-care || Dog daycare/boarding business reportedly launching a treats line - not yet an established treat brand, early-stage/unproven fit"
28,Soul Grain,soul-grain.com,bakery,emerging_brand,,,St. Paul,MN,target_forward_founders,category bakery (+18); segment emerging_brand (+10),"St. Paul MN Black-owned granola brand with Black-diaspora flavors (Sweet Potato Casserole, Banana Pudding) selected for Target Forward Founders Cohort 5; https://accelerators.target.com/alumni-stories/introducing-target-forward-founders-cohort-5/ || Granola brand, viable buyer"
28,Stellar Granola,stellargranola.com,bakery,emerging_brand,Emily Knapp,Co-founder,Chicago,IL,target_forward_founders,category bakery (+18); segment emerging_brand (+10),"Chicago women-owned allergen-friendly (GF, vegan, nut-free) granola brand selected for Target Forward Founders Cohort 5; https://accelerators.target.com/alumni-stories/introducing-target-forward-founders-cohort-5/ || Gluten-free, vegan, nut-free granola, viable buyer"
28,Top Seedz,https://topseedz.com,bakery,emerging_brand,Rebecca Brady,Founder and CEO,Buffalo,NY,fancy_food_2026,category bakery (+18); segment emerging_brand (+10),Buffalo NY seed-cracker maker (founded 2017) won 2026 sofi Product of the Year at Winter FancyFaire for its Bake-At-Home Seed Crackers; https://commercialbaking.com/top-seedz-wins-sofi-awards-product-of-the-year/
26,CHARM,charmpetfood.com,pet_food,emerging_brand,,,,,product_launch_news,category pet_food (+16); segment emerging_brand (+10),"New pet food brand CHARM launched a kibble line per PetfoodIndustry. https://www.petfoodindustry.com/pet-food-market/news/15772447/charm-pet-food-new-pet-food-brand-charm-launches-kibble-line || WEAK FIT: grain-free dry dog/cat food manufacturer, not baked treats"
26,Kingpin Kibble,,pet_food,emerging_brand,,,,,superzoo_2025,category pet_food (+16); segment emerging_brand (+10),Early-stage kibble brand with irreverent branding featured in SUPERZOO 2025 New Product Showcase. https://pawprint.digital/p/pet-industry-trends-proactive-data-convenience || No official website found for this name in search results
