company,website,category,segment,contact_name,contact_title,city,state,source,notes,in_national_retail,recent_funding,recent_retail_launch,hiring_ops_or_production,sells_wholesale,mentions_copacker
Creative Foods LLC,mycreativefoods.com,bakery,established_brand,,,Baltimore,OH,copacker_closure,Commercial bakery product co-manufacturer supplying grocery and private-label brands filed Chapter 11 on Jan 14 2026 (S.D. Ohio) after losing a contract manufacturing partner worth 50% of revenue; customer brands unnamed; business later sold to Kagome. https://www.thestreet.com/restaurants/huge-food-brand-you-dont-know-creative-foods-files-chapter-11-bankruptcy,,,,,true,true
Lunds & Byerlys,,cookie,retailer_private_label,,,,MN,recall_news,"FDA upgraded the recall of L&B Monster Cookies (sold Nov 15-Dec 9 2025 at Twin Cities and St. Cloud stores) to Class I on Jan 5 2026 over undeclared peanuts, egg and soy from a labeling error. https://www.newsweek.com/cookie-recall-update-fda-highest-risk-warning-11322691",,,,,,
Gregory's Foods,,bakery,established_brand,,,Eagan,MN,recall_news,"FDA reclassified as Class I in Jan 2026 the recall of 308 cases of Bag Full of Cookies White Chocolate Macadamia frozen cookie dough mistakenly filled with peanut-containing Monster Cookie dough; distributed to grocery stores in MN, WI and NE. https://www.fda.gov/safety/recalls-market-withdrawals-safety-alerts/gregorys-foods-issues-allergy-alert-undeclared-peanuts-bag-full-cookies-white-chocolate-macadamia",,,,,true,
Imperial Nougat Co.,,cookie,established_brand,,,Santa Fe Springs,CA,recall_news,"After an April 30 2026 inspection FDA recommended a recall on May 5 2026 and then issued a public advisory not to eat or sell Imperial-brand chickpea and coconut cookies and nougats with undeclared milk, wheat and pistachio after the company notified only one customer. https://www.foodsafetynews.com/2026/05/fda-issues-warning-after-cookie-company-refuses-to-recall-products/",,,,,true,
Lidl US,,cookie,retailer_private_label,,,,,recall_news,"Recalled all units of Eridanous Shortbread Cookies with Chocolate Truffle Coating & Apricot Filling for undeclared wheat, soy, milk and egg, then expanded the recall on July 31 2026 to all units with foreign-language panels (also sold via Amazon). https://www.fda.gov/safety/recalls-market-withdrawals-safety-alerts/lidl-us-expands-recall-eridanous-shortbread-cookies-due-undeclared-wheat-soy-milk-egg-and-tree-nut",,,,,,
Target (Favorite Day Bakery),,cookie,retailer_private_label,,,,,recall_news,"803 cases of Favorite Day frosted sugar cookies sold at Target in 20 states plus DC were recalled July 22 2025 (Class II Aug 4 2025) for wood pieces; the supplier was Give and Go Prepared Foods of Etobicoke Canada, so Target's private-label cookie supply may be under review. https://www.foxbusiness.com/lifestyle/target-cookies-pulled-from-shelves-nationwide-over-potential-wood-contamination-fears",true,,,,,
Elite Treats LLC,,pet_treat,emerging_brand,,,Boca Raton,FL,recall_news,"Recalled a lot of Elite Treats Chicken Chips for Dogs 6 oz bags for Salmonella (FDA posting Feb 24 2026); sold to feed stores in AL, FL, GA, NC and SC. https://www.fda.gov/safety/recalls-market-withdrawals-safety-alerts/elite-treats-llc-recalls-single-lot-chicken-chips-due-salmonella-contamination",,,,,true,
Consumers Supply Distributing LLC,,pet_treat,established_brand,,,,IA,recall_news,"Recalled 4 lb bags of Country Vet Biscuits Original Meaty Flavor and Heartland Harvest Dog Biscuits Meaty Flavor with Chicken for Salmonella found in FDA routine sampling (announced Dec 24 2025); sold through retail stores in CO, IA, KS, MO, TX, MT and NE. https://www.fda.gov/safety/recalls-market-withdrawals-safety-alerts/consumers-supply-distributing-llc-recalls-country-vet-biscuits-dogs-due-possible-salmonella-health",,,,,true,
Oma's Pride,,pet_food,established_brand,,,,,recall_news,"Recalled Woof Complete Canine Chicken Recipe 6 lb bags on Aug 17 2026 after an FDA-tested consumer complaint sample was positive for Salmonella, with three dog illness reports. https://www.fastcompany.com/91591717/pet-food-recall-2026-dogs-get-sick-in-latest-us-salmonella-scare",,,,,,
Albright's Raw Pet Food,,pet_food,emerging_brand,,,,,recall_news,FDA-listed recall of Albright's Raw Pet Food Chicken Recipe for Dogs for Salmonella posted May 7 2026. https://www.vetstreet.com/our-pet-experts/dog-food-recalls-2026,,,,,,
"The Brownie Baker, Inc.",,bakery,established_brand,,,,,recall_news,Recalled Nouria Banana Nut Muffins packed in blueberry muffin packaging (undeclared walnuts) distributed March 31 2026 in 9-packs with lot 6082; a co-packed convenience-store bakery line with a packaging-error recall. https://www.fda.gov/safety/recalls-market-withdrawals-safety-alerts/brownie-baker-inc-issues-allergy-alert-undeclared-tree-nuts-walnuts-muffin-product,,,,,true,
Gina Marie Bakery,,cookie,emerging_brand,,,,,recall_news,"Announced a voluntary recall of various cookie products on Sept 10 2026 for possible undeclared almonds, sesame and food colorings (Red 40, Red 3, Blue 1, Yellow 5, Yellow 6). https://www.newsweek.com/cookie-recall-fda-threat-life-warning-gina-marie-bakery-allergy-2128228",,,,,,
New Grains Gluten Free Bakery,,bakery,emerging_brand,,,Spanish Fork,UT,recall_news,"Class I FDA recall (announced May 9 2025) of gluten-free chocolate chip, frosted sugar, coconut macaroon and brownie chocolate chip cookies plus breads and bagels for undeclared egg, milk, soy and tree nuts caused by unreadable label printing; sold through Utah retail stores. https://www.fda.gov/safety/recalls-market-withdrawals-safety-alerts/new-grains-gluten-free-bakery-issues-allergy-alert-undeclared-eggs-tree-nuts-soy-and-milk-bakery",,,,,true,
Girl Scouts of the USA,girlscouts.org,pet_treat,non_food_brand_extension,,,,,brand_extension,"Announced Sept 8 2026 its first-ever dog cookie Patch Pals (soft-baked blueberry-muffin-flavored treats developed with BARK) for the Jan 2027 cookie season, online only, alongside its first allergy-friendly cookie Sparkables. https://www.girlscouts.org/en/footer/press-room/2026-press-announcements/2027-new-cookies-patch-pals-sparkables.html",,,true,,,
BARK (BarkBox),bark.co,pet_treat,subscription_box,,,,,cross_category,"Named as the maker of Girl Scouts' new Patch Pals soft-baked dog treats launching Jan 2027 (announced Sept 2026), a large new baked-treat SKU on top of its subscription box business. https://bark.co/sites/girlscouts/",true,,true,,,
Three Dog Brands (Three Dog Bakery),threedog.com,pet_treat,established_brand,,,,,brand_extension,Unveiling new Small Dog Lick'n Crunch and Small Dog Mini Mutts Cookie Trio baked sandwich cookies at SUPERZOO 2026 with shelves planned for early 2027. https://www.petfoodprocessing.net/articles/20760-three-dog-brands-to-unveil-slew-of-new-products-during-superzoo-2026,,,true,,true,
Fields Good,fieldsgood.co,cookie,emerging_brand,Ashley Fields,Co-Founder,Austin,TX,brand_extension,"Functional cookie brand from Mrs. Fields founder's daughter launched May 27 2026 with three ready-to-eat cookies and a $1.8M pre-seed led by Female Founders Fund to scale DTC, TikTok Shop and Amazon and build toward national retail. https://www.prnewswire.com/news-releases/fields-good-launches-cookies-with-benefits-backed-by-1-8m-from-female-founders-fund-302782578.html",,true,,,,
Let's Sprinkle by MG,,cookie,emerging_brand,Melissa Gorga,,,,brand_extension,"Reality-TV founder's cookie brand (launched Dec 2024, $1.5M+ sales) added a new classic flavor in 2026 and is carried by ShopRite, Kings Food Markets, Morton Williams and Top Tomato. https://parade.com/news/melissa-gorga-new-cookie-flavor-lets-sprinkle-by-mg",,,true,,true,
"General Mills (Natural American Pet Products, Joplin)",,pet_treat,established_brand,,,Joplin,MO,copacker_closure,Closing two Joplin MO pet food plants including NAPP by July 2026 and consolidating to its Joplin Pet Plant; it earlier closed the Independence IA Blue Buffalo treat plant and shifted Nudges and Top Chews treats to third-party manufacturers. https://www.fourstateshomepage.com/news/local/general-mills-to-close-two-pet-food-plants-in-joplin-by-2026/,true,,,,,true
Nature's Bakery (Mars),,snack,established_brand,,,Hazelwood,MO,copacker_closure,"Filed a WARN notice July 7 2026 to close its Hazelwood MO baked-bar plant (345 jobs; 130 separations Sept 11 2026, 215 on Feb 26 2027) with production moving to Salt Lake City and Carson City. https://www.fooddive.com/news/natures-bakery-missouri-plant-closure-mars/824739/",true,,,,,
Hostess (The J.M. Smucker Co.),,snack,established_brand,,,Indianapolis,IN,copacker_closure,Smucker announced it would close and seek a sale of its Indianapolis Hostess sweet baked snacks plant by early calendar 2026 amid declining sweet snack sales. https://s203.q4cdn.com/703080298/files/doc_news/The-J-M--Smucker-Co--Announces-Plans-to-Close-Indianapolis-Manufacturing-Facility-in-Continued-Optimization-of-Sweet-Baked-Snacks-Seg-2GWJ6.pdf,true,,,,,
Seattle Dog Boarding,,pet_treat,non_food_brand_extension,Pete O'Neil,Founder,Seattle,WA,brand_extension,Dog daycare and grooming business plans to roll out a new healthy dog treats line in 2026 after two years of taste tests with customers' dogs. https://www.newswire.com/news/2026-to-be-growth-year-in-usa-dog-care,,,,,,
Chewsday (Targeted Pet Treats),,pet_treat,established_brand,,,Warren,PA,brand_extension,"Launched new Chewsday dog treat brand in spring 2026 into more than 4,500 stores nationwide plus Amazon and Chewy after winning 2026 Product of the Year in the dog treat category. https://www.timesobserver.com/news/local-news/2026/05/targeted-pet-treats-launches-new-brand/",true,,true,,true,
Farm to Pet,,pet_treat,emerging_brand,,,Chicago,IL,brand_extension,"Opened its first Regulation Crowdfunding campaign on StartEngine in 2026 after growing to $5M+ 2025 revenue from a 13,000 sq ft Chicago facility, with proceeds earmarked to expand production capacity and distribution. https://www.petfoodindustry.com/news-newsletters/pet-food-news/news/15828901/farm-to-pet-opens-first-crowdfunding-campaign-on-startengine",,true,,,,
Natural Balance Pet Foods,naturalbalanceinc.com,pet_treat,established_brand,,,,,brand_extension,"Introduced Yo-Gut Bites, a new line of oven-baked digestive-health dog treats, among new products at Global Pet Expo in March 2026. https://www.naturalbalanceinc.com/news-room/new-products-2026/",true,,true,,,
The Farmer's Dog,,pet_food,established_brand,,,,,job_posting,Hiring an External Manufacturing Manager to own relationships with multiple manufacturing partners and act as intermediary with internal stakeholders (posting date not shown). https://builtin.com/job/external-manufacturing-manager/2114305,,,,true,,true
The Hain Celestial Group,,snack,established_brand,,,,,job_posting,"A Director, Contract Manufacturing role at Hain Celestial appeared in a Jan 2026 pet food manufacturing jobs listing. https://www.ziprecruiter.com/Jobs/Pet-Food-Manufacturing?version=next",true,,,true,,true
Snack Innovations Inc.,,snack,established_brand,,,Piscataway,NJ,job_posting,"Posted a Production Manager role in Aug 2026 described as fast-growth snack CPG, leading daily manufacturing operations. https://www.jobleads.com/us/job/production-manager-fast-growth-snack-cpg--piscataway-township--e7fd8d72f653d2359eb9bc41d5af8b0b5",,,,true,,
Chewy,,pet_treat,retailer_private_label,,,,,brand_extension,"Consolidated its private label brands American Journey, Tiny Tiger, True Acre Foods and Bones & Chews into a new Chewy Made line covering food and treats with refreshed packaging in 2026. https://www.petage.com/ecommerce-pet-retailer-chewy-private-label-brands-chewy-made/",true,,true,,,
Tractor Supply Company,corporate.tractorsupply.com,pet_treat,retailer_private_label,,,,,brand_extension,Announced in 2026 an expansion of its pet assortment with more than 200 new dog and cat products including treats at everyday value. https://corporate.tractorsupply.com/newsroom/news-releases/news-releases-details/2026/Tractor-Supply-Expands-Pet-Assortment-With-More-Than-200-New-Dog-and-Cat-Products/default.aspx,true,,true,,,
Big Grove Brewery,biggrove.com,pet_treat,non_food_brand_extension,,,Iowa City,IA,brand_extension,"Brewery sells packaged Spent Grain Dog Treats (whole wheat flour, oats, spent grain, canola oil) baked by Woofables Bakery in Coralville; launch date not shown in results. https://biggrove.com/products/spentgraindogtreats",,,,,,
