company,website,category,segment,contact_name,contact_title,city,state,source,notes,in_national_retail,recent_funding,recent_retail_launch,hiring_ops_or_production,sells_wholesale
The Graceful Cookie Co.,https://thegracefulcookie.com,cookie,emerging_brand,David Dodson,Baker & Owner,,,sweets_snacks_2026,"Strawberry Milkshake Cookie won the Baked Goods category of the 2026 Most Innovative New Product Awards at Sweets & Snacks Expo (Las Vegas, May 18-21, 2026), beating ~500 entries; brand site has a 'Camshell Retail' page. https://www.bakemag.com/articles/21764-the-graceful-cookie-cos-strawberry-milkshake-cookie-wins-innovative-product-award-at-sweets-and-snacks-expo and https://sweetsandsnacks.com/sweets-snacks-expo-announces-2026-most-innovative-new-product-awards-winners/",,,,,
Lexington Bakes,https://lexingtonbakes.com,cookie,emerging_brand,Lex Evan,"Founder, CEO & Chef",Los Angeles,CA,expo_west_2026,Peanut Butter Chip Protein Cookie won the 2026 NEXTY Award (vegan category) at Expo West; brand sells on shelf at Erewhon (top-5 category brand in first year) and was a Foxtrot Up & Comers finalist. https://www.newhope.com/nexty-awards/lexington-bakes-wins-nexty-award-with-high-quality-ingredient-transparency and https://commercialbaking.com/emerging-established-brands-win-2026-nexty-awards/,,,,,true
Mightylicious Gluten Free,,cookie,established_brand,Carolyn Haeler,Founder & CEO,,NJ,retail_launch_news,"Aug 13 2026 press release: expanded national retail distribution to nearly 1,100 stores (already at Walmart, Costco, Whole Foods, Fairway, King's, Price Chopper); Sept 25 2026 launched a capital raise on Republic to fund Wakefern/Wegmans expansion, DTC and 'full vertical integration of its supply chain'; new thicker crispier cookie formula shipped June 2026. https://www.nosh.com/pr/2026/08/13/awardwinning-mightylicious-gluten-free-expands-national-retail-distribution-across-leading-grocery-chains and https://www.nosh.com/pr/2026/09/25/mightylicious-gluten-free-launches-capital-raise-on-republic-to-fuel-national-retail-expansion-and-supply-chain-integration",true,true,true,,true
You're a Cookie LLC,,cookie,emerging_brand,,,,,fancy_food_2026,"Take & Bake Oatmeal Blueberry Cookie Dough (Michigan-grown blueberries, six pre-portioned cookies per resealable pouch) named a 2026 sofi Award finalist in Sweet Snacks after exhibiting at the 2025 Summer Fancy Food Show. https://www.specialtyfood.com/news-media/news-features/member-press-releases/you%E2%80%99re-a-cookie-announced-as-sofi%E2%84%A2-award-finalist-by-the-specialty-food-association/",,,,,
Fields Good,,cookie,established_brand,Ashley Fields,Founder,Austin,TX,funding_news,"Raised $1.8M pre-seed in May 2026 led by Female Founders Fund; functional cookie brand founded by Debbi Fields' daughter; funds earmarked to scale DTC, expand to TikTok Shop and Amazon, and build toward national retail distribution. https://www.finsmes.com/2026/05/fields-good-raises-1-8m-in-pre-seed-funding.html and https://raising.fi/news/fields-good-pre-seed-may-2026",,true,,,
Last Crumb,,cookie,established_brand,,,Los Angeles,CA,funding_news,"Luxury DTC cookie brand (weekly drops, waitlist) closed a $3M seed round led by Electric Feel Ventures with Chetrit Ventures, David Grutman and others; dozen core cookies plus limited editions. https://www.bakingbusiness.com/articles/56770-luxury-cookie-brand-raises-3-million-in-seed-funding and https://www.foodbusinessnews.net/articles/21727-last-crumb-closes-3-million-seed-round",,,,,
My Better Batch,,cookie,established_brand,Lindsay Hancock,Founder,,,target_forward_founders,"Clean-label cookie mix brand founded by a former KIND Snacks exec; Target Takeoff 2025 F&B cohort; launched at Costco and Target; June 25 2026 release reports 400%+ YoY growth and 3,000+ new points of distribution in Q1 2026 including Kroger, Albertsons, H-E-B, Giant Food, Hy-Vee and Harris Teeter (product is a dry cookie mix, not a baked cookie). https://www.nosh.com/pr/2026/06/25/womenowned-cookie-mix-my-better-batch-lands-kroger-albertsons-heb-and-hyvee-as-brand-posts-400-yearoveryear-growth and https://accelerators.target.com/alumni-stories/introducing-2025-takeoff-fb-brands-innovation-one-bite-at-a-time/",true,,true,,true
Tubby's Taste,,cookie,emerging_brand,,,,,target_forward_founders,"Listed among Target Forward Founders cohort brands: boldly-flavored Jamaican-inspired vegan cookies free of soy, preservatives and nuts (excluding coconut). https://accelerators.target.com/alumni-stories/target-forward-founders-alumni/",,,,,
Flavr Cookies,,cookie,emerging_brand,,,,,target_forward_founders,Listed among Target Forward Founders cohort brands: cookie bakery offering community-created flavors or build-your-own (verify packaged product vs. bakery model). https://accelerators.target.com/alumni-stories/target-forward-founders-alumni/,,,,,
Roaring Fork Mill,https://www.roaringforkmill.com,cookie,emerging_brand,Jacob Trumbull,Founder,,CO,expo_west_2026,"Family-run stone flour mill previewing its new regenerative organic shortbread cookie line at Expo West 2026; Shortbread Cookies named a 2026 NEXTY finalist (Planet-forward category) and founder received a $25,000 Greg Steltenpohl Pragmatic Visionary grant on March 5 2026; mill launching a CPG cookie line is a strong co-packing fit. https://www.snackandbakery.com/articles/115174-expo-wests-nexty-awards-reveals-2026-finalists and https://www.compassnaturalmarketing.com/compass-natural-new-directions-for-green-business/tag/Roaring+Fork+Mill",,true,,,
Coley's Foods Inc.,,cookie,emerging_brand,Nicole O'Hara,Founder,Boerne,TX,heb_quest_texas_best,"Founded 2025; gluten-free, dairy-free, refined-sugar-free frozen ready-to-bake cookie dough; named one of 10 finalists in H-E-B's 2025 Quest for Texas Best (from 978 entries). https://theshelbyreport.com/2025/08/29/h-e-b-names-10-finalists-in-annual-quest-for-texas-best-competition/ and https://www.kens5.com/article/news/local/heb-finalists-entrepreneurs-barbacoa-cookies-sausage-grocery-store-contest-best-texas-quest/273-d9558356-9ceb-42f9-bd7c-b0ea8a4e1a33",,,,,
Wandel Cookies,,cookie,emerging_brand,,,,,fancy_food_2026,"Highlighted as a new cookie brand at the 2026 Summer Fancy Food Show (NYC, June 2026): mandelbread-inspired cookies from a minority women-owned company. https://somminthecity.com/16936-2/",,,,,
Whoa Dough,,cookie,emerging_brand,,,,,expo_west_2026,"Debuted Snackable Gluten-Free Cookie Dough Packs (Chocolate Chip, Sugar Cookie, Brownie Batter; refrigerated, ready-to-eat) at Expo West 2026, Booth #5035 Hall E, March 4-6; allergen-friendly line. https://www.nosh.com/pr/2026/03/02/double-the-fun-whoa-dough-debuts-snackable-glutenfree-cookie-dough-packs-at-expo-west",,,true,,
Chewco,,cookie,emerging_brand,,,,,expo_west_2026,Made its first-ever Expo West appearance in 2026 at Booth #2098A Hall B showcasing a lineup including an Ube Mochi Cookie (announced via texture-maker.com; verify US headquarters). https://www.texture-maker.com/en-us/news/71-2026-Natural-Expo-West-Chewco,,,,,
Meli's Monster Cookies,,cookie,established_brand,Melissa Blue,Co-founder,,,retail_launch_news,"Gluten-free monster cookie brand now in over 9,000 stores including Walmart and Target; expanded into 100 Costco stores in Texas and Los Angeles in April 2022; CB Insights shows $1.11M raised over 3 rounds with a debt round in Oct 2023. https://www.nosh.com/food-wire/2022/melis-monster-cookies-expands-into-costco/ and https://www.cbinsights.com/company/melissas-monster-cookies/financials",true,,,,true
NoBaked Cookie Dough,,cookie,emerging_brand,,,,,funding_news,"Ran a 2025 StartEngine equity crowdfunding campaign at a $9.03M valuation (target $124K-$618K) for marketing, hiring and working capital. https://kingscrowd.com/nobaked-cookie-dough-on-startengine-2025/ and https://pitchbook.com/profiles/company/462077-56",,true,,,
Brune Kitchen,,cookie,established_brand,Tania Sweis,Founder,,,retail_launch_news,"Women-owned, BIPOC-founded clean-label cookie brand; Chocolate Chip and Peanut Butter Chunk cookies launched nationwide in the refrigerated section at Sprouts Farmers Market (April 30 2025 release). https://www.nosh.com/pr/2025/04/30/brune-kitchen-launches-nationwide-at-sprouts-farmers-market",true,,true,,true
REAL Cookies,,cookie,established_brand,,,,,retail_launch_news,"Gluten-free, grain-free, plant-based cookie brand added to Sprouts Farmers Market shelves nationwide (2023). https://www.nosh.com/food-wire/2023/real-cookies-now-on-grocery-shelves-at-sprouts-farmers-market-nationwide/",true,,,,true
Sweet Loren's,,cookie,established_brand,,,,,funding_news,Cookie dough brand named to the 2025 Inc. 5000 list of America's fastest-growing private companies. https://www.inc.com/inc5000/2025,,,,,
Toto Soft-Baked Protein Cookies,,cookie,emerging_brand,,,,,amazon_dtc,"Cited among the most popular protein cookie brands on Amazon in 2026: soft-baked protein cookies with whole-food ingredients, no artificial sweeteners, S'mores flavor with 8g protein. https://barbend.com/best-protein-cookies/ and https://www.amazon.com/Best-Sellers-Sports-Nutrition-Cookies-Brownies/zgbs/hpc/6973687011",,,,,
My Cookie Dealer,,cookie,emerging_brand,,,,,amazon_dtc,Smaller protein cookie brand selling variety packs on Amazon with 15-17g protein per individually wrapped cookie. https://www.amazon.com/Protein-Cookies/s?k=Protein+Cookies,,,,,
The Protein Bakery,https://proteinbakery.com,cookie,emerging_brand,,,,,amazon_dtc,DTC protein cookie/brownie brand with a dedicated protein cookies collection on its own site. https://proteinbakery.com/collections/cookies,,,,,
HighKey,,cookie,established_brand,,,,,amazon_dtc,"Keto-friendly sugar-free, gluten-free sandwich cookies and mini cookies cited among the most popular protein/keto cookie brands on Amazon in 2026. https://barbend.com/best-protein-cookies/",,,,,
Bakeful,,cookie,established_brand,,,,,retail_launch_news,"Emerging clean-label sweet baked snack brand launched nationwide at Target stores and Target.com in April 2026 with mini donuts, mini muffins and Target-exclusive Brownieful mini brownies (baked goods, not cookies; included as adjacent lead). https://www.nosh.com/pr/2026/04/23/bakeful-debuts-sweet-baked-snacks-at-target-nationwide-including-exclusive-new-brownieful-mini-brownies",true,,true,,true
